ISO-10303-21;
HEADER;
/* Generated by software containing ST-Developer
 * from STEP Tools, Inc. (www.steptools.com) 
 */

FILE_DESCRIPTION(
/* description */ (''),
/* implementation_level */ '2;1');

FILE_NAME(
/* name */ 'Split Keyboard Case 2.0.step',
/* time_stamp */ '2026-06-03T21:01:03-05:00',
/* author */ (''),
/* organization */ (''),
/* preprocessor_version */ 'ST-DEVELOPER v20.1',
/* originating_system */ 'Autodesk Translation Framework v15.8.0.0',
/* authorisation */ '');

FILE_SCHEMA (('AUTOMOTIVE_DESIGN { 1 0 10303 214 3 1 1 }'));
ENDSEC;

DATA;
#10=MECHANICAL_DESIGN_GEOMETRIC_PRESENTATION_REPRESENTATION('',(#13,#14),
#3258);
#11=SHAPE_REPRESENTATION_RELATIONSHIP('SRR','None',#3265,#12);
#12=ADVANCED_BREP_SHAPE_REPRESENTATION('',(#15,#16),#3257);
#13=STYLED_ITEM('',(#3274),#15);
#14=STYLED_ITEM('',(#3274),#16);
#15=MANIFOLD_SOLID_BREP('Body1',#2061);
#16=MANIFOLD_SOLID_BREP('Body2',#2062);
#17=FACE_BOUND('',#170,.T.);
#18=FACE_BOUND('',#222,.T.);
#19=FACE_OUTER_BOUND('',#121,.T.);
#20=FACE_OUTER_BOUND('',#122,.T.);
#21=FACE_OUTER_BOUND('',#123,.T.);
#22=FACE_OUTER_BOUND('',#124,.T.);
#23=FACE_OUTER_BOUND('',#125,.T.);
#24=FACE_OUTER_BOUND('',#126,.T.);
#25=FACE_OUTER_BOUND('',#127,.T.);
#26=FACE_OUTER_BOUND('',#128,.T.);
#27=FACE_OUTER_BOUND('',#129,.T.);
#28=FACE_OUTER_BOUND('',#130,.T.);
#29=FACE_OUTER_BOUND('',#131,.T.);
#30=FACE_OUTER_BOUND('',#132,.T.);
#31=FACE_OUTER_BOUND('',#133,.T.);
#32=FACE_OUTER_BOUND('',#134,.T.);
#33=FACE_OUTER_BOUND('',#135,.T.);
#34=FACE_OUTER_BOUND('',#136,.T.);
#35=FACE_OUTER_BOUND('',#137,.T.);
#36=FACE_OUTER_BOUND('',#138,.T.);
#37=FACE_OUTER_BOUND('',#139,.T.);
#38=FACE_OUTER_BOUND('',#140,.T.);
#39=FACE_OUTER_BOUND('',#141,.T.);
#40=FACE_OUTER_BOUND('',#142,.T.);
#41=FACE_OUTER_BOUND('',#143,.T.);
#42=FACE_OUTER_BOUND('',#144,.T.);
#43=FACE_OUTER_BOUND('',#145,.T.);
#44=FACE_OUTER_BOUND('',#146,.T.);
#45=FACE_OUTER_BOUND('',#147,.T.);
#46=FACE_OUTER_BOUND('',#148,.T.);
#47=FACE_OUTER_BOUND('',#149,.T.);
#48=FACE_OUTER_BOUND('',#150,.T.);
#49=FACE_OUTER_BOUND('',#151,.T.);
#50=FACE_OUTER_BOUND('',#152,.T.);
#51=FACE_OUTER_BOUND('',#153,.T.);
#52=FACE_OUTER_BOUND('',#154,.T.);
#53=FACE_OUTER_BOUND('',#155,.T.);
#54=FACE_OUTER_BOUND('',#156,.T.);
#55=FACE_OUTER_BOUND('',#157,.T.);
#56=FACE_OUTER_BOUND('',#158,.T.);
#57=FACE_OUTER_BOUND('',#159,.T.);
#58=FACE_OUTER_BOUND('',#160,.T.);
#59=FACE_OUTER_BOUND('',#161,.T.);
#60=FACE_OUTER_BOUND('',#162,.T.);
#61=FACE_OUTER_BOUND('',#163,.T.);
#62=FACE_OUTER_BOUND('',#164,.T.);
#63=FACE_OUTER_BOUND('',#165,.T.);
#64=FACE_OUTER_BOUND('',#166,.T.);
#65=FACE_OUTER_BOUND('',#167,.T.);
#66=FACE_OUTER_BOUND('',#168,.T.);
#67=FACE_OUTER_BOUND('',#169,.T.);
#68=FACE_OUTER_BOUND('',#171,.T.);
#69=FACE_OUTER_BOUND('',#172,.T.);
#70=FACE_OUTER_BOUND('',#173,.T.);
#71=FACE_OUTER_BOUND('',#174,.T.);
#72=FACE_OUTER_BOUND('',#175,.T.);
#73=FACE_OUTER_BOUND('',#176,.T.);
#74=FACE_OUTER_BOUND('',#177,.T.);
#75=FACE_OUTER_BOUND('',#178,.T.);
#76=FACE_OUTER_BOUND('',#179,.T.);
#77=FACE_OUTER_BOUND('',#180,.T.);
#78=FACE_OUTER_BOUND('',#181,.T.);
#79=FACE_OUTER_BOUND('',#182,.T.);
#80=FACE_OUTER_BOUND('',#183,.T.);
#81=FACE_OUTER_BOUND('',#184,.T.);
#82=FACE_OUTER_BOUND('',#185,.T.);
#83=FACE_OUTER_BOUND('',#186,.T.);
#84=FACE_OUTER_BOUND('',#187,.T.);
#85=FACE_OUTER_BOUND('',#188,.T.);
#86=FACE_OUTER_BOUND('',#189,.T.);
#87=FACE_OUTER_BOUND('',#190,.T.);
#88=FACE_OUTER_BOUND('',#191,.T.);
#89=FACE_OUTER_BOUND('',#192,.T.);
#90=FACE_OUTER_BOUND('',#193,.T.);
#91=FACE_OUTER_BOUND('',#194,.T.);
#92=FACE_OUTER_BOUND('',#195,.T.);
#93=FACE_OUTER_BOUND('',#196,.T.);
#94=FACE_OUTER_BOUND('',#197,.T.);
#95=FACE_OUTER_BOUND('',#198,.T.);
#96=FACE_OUTER_BOUND('',#199,.T.);
#97=FACE_OUTER_BOUND('',#200,.T.);
#98=FACE_OUTER_BOUND('',#201,.T.);
#99=FACE_OUTER_BOUND('',#202,.T.);
#100=FACE_OUTER_BOUND('',#203,.T.);
#101=FACE_OUTER_BOUND('',#204,.T.);
#102=FACE_OUTER_BOUND('',#205,.T.);
#103=FACE_OUTER_BOUND('',#206,.T.);
#104=FACE_OUTER_BOUND('',#207,.T.);
#105=FACE_OUTER_BOUND('',#208,.T.);
#106=FACE_OUTER_BOUND('',#209,.T.);
#107=FACE_OUTER_BOUND('',#210,.T.);
#108=FACE_OUTER_BOUND('',#211,.T.);
#109=FACE_OUTER_BOUND('',#212,.T.);
#110=FACE_OUTER_BOUND('',#213,.T.);
#111=FACE_OUTER_BOUND('',#214,.T.);
#112=FACE_OUTER_BOUND('',#215,.T.);
#113=FACE_OUTER_BOUND('',#216,.T.);
#114=FACE_OUTER_BOUND('',#217,.T.);
#115=FACE_OUTER_BOUND('',#218,.T.);
#116=FACE_OUTER_BOUND('',#219,.T.);
#117=FACE_OUTER_BOUND('',#220,.T.);
#118=FACE_OUTER_BOUND('',#221,.T.);
#119=FACE_OUTER_BOUND('',#223,.T.);
#120=FACE_OUTER_BOUND('',#224,.T.);
#121=EDGE_LOOP('',(#1281,#1282,#1283,#1284));
#122=EDGE_LOOP('',(#1285,#1286,#1287,#1288));
#123=EDGE_LOOP('',(#1289,#1290,#1291,#1292));
#124=EDGE_LOOP('',(#1293,#1294,#1295,#1296));
#125=EDGE_LOOP('',(#1297,#1298,#1299,#1300));
#126=EDGE_LOOP('',(#1301,#1302,#1303,#1304));
#127=EDGE_LOOP('',(#1305,#1306,#1307,#1308));
#128=EDGE_LOOP('',(#1309,#1310,#1311,#1312));
#129=EDGE_LOOP('',(#1313,#1314,#1315,#1316));
#130=EDGE_LOOP('',(#1317,#1318,#1319,#1320));
#131=EDGE_LOOP('',(#1321,#1322,#1323,#1324));
#132=EDGE_LOOP('',(#1325,#1326,#1327,#1328));
#133=EDGE_LOOP('',(#1329,#1330,#1331,#1332));
#134=EDGE_LOOP('',(#1333,#1334,#1335,#1336));
#135=EDGE_LOOP('',(#1337,#1338,#1339,#1340));
#136=EDGE_LOOP('',(#1341,#1342,#1343,#1344));
#137=EDGE_LOOP('',(#1345,#1346,#1347,#1348));
#138=EDGE_LOOP('',(#1349,#1350,#1351,#1352));
#139=EDGE_LOOP('',(#1353,#1354,#1355,#1356));
#140=EDGE_LOOP('',(#1357,#1358,#1359,#1360));
#141=EDGE_LOOP('',(#1361,#1362,#1363,#1364));
#142=EDGE_LOOP('',(#1365,#1366,#1367,#1368));
#143=EDGE_LOOP('',(#1369,#1370,#1371,#1372));
#144=EDGE_LOOP('',(#1373,#1374,#1375,#1376));
#145=EDGE_LOOP('',(#1377,#1378,#1379,#1380));
#146=EDGE_LOOP('',(#1381,#1382,#1383,#1384));
#147=EDGE_LOOP('',(#1385,#1386,#1387,#1388));
#148=EDGE_LOOP('',(#1389,#1390,#1391,#1392));
#149=EDGE_LOOP('',(#1393,#1394,#1395,#1396));
#150=EDGE_LOOP('',(#1397,#1398,#1399,#1400));
#151=EDGE_LOOP('',(#1401,#1402,#1403,#1404));
#152=EDGE_LOOP('',(#1405,#1406,#1407,#1408));
#153=EDGE_LOOP('',(#1409,#1410,#1411,#1412));
#154=EDGE_LOOP('',(#1413,#1414,#1415,#1416));
#155=EDGE_LOOP('',(#1417,#1418,#1419,#1420));
#156=EDGE_LOOP('',(#1421,#1422,#1423,#1424));
#157=EDGE_LOOP('',(#1425,#1426,#1427,#1428));
#158=EDGE_LOOP('',(#1429,#1430,#1431,#1432));
#159=EDGE_LOOP('',(#1433,#1434,#1435,#1436));
#160=EDGE_LOOP('',(#1437,#1438,#1439,#1440));
#161=EDGE_LOOP('',(#1441,#1442,#1443,#1444));
#162=EDGE_LOOP('',(#1445,#1446,#1447,#1448));
#163=EDGE_LOOP('',(#1449,#1450,#1451,#1452));
#164=EDGE_LOOP('',(#1453,#1454,#1455,#1456));
#165=EDGE_LOOP('',(#1457,#1458,#1459,#1460));
#166=EDGE_LOOP('',(#1461,#1462,#1463,#1464));
#167=EDGE_LOOP('',(#1465,#1466,#1467,#1468));
#168=EDGE_LOOP('',(#1469,#1470,#1471,#1472));
#169=EDGE_LOOP('',(#1473,#1474,#1475,#1476,#1477,#1478,#1479,#1480,#1481,
#1482,#1483,#1484,#1485,#1486,#1487,#1488,#1489,#1490,#1491,#1492,#1493,
#1494,#1495,#1496));
#170=EDGE_LOOP('',(#1497,#1498,#1499,#1500,#1501,#1502,#1503,#1504,#1505,
#1506,#1507,#1508,#1509,#1510,#1511,#1512,#1513,#1514,#1515,#1516,#1517,
#1518,#1519,#1520));
#171=EDGE_LOOP('',(#1521,#1522,#1523,#1524,#1525,#1526,#1527,#1528,#1529,
#1530,#1531,#1532,#1533,#1534,#1535,#1536,#1537,#1538,#1539,#1540,#1541,
#1542,#1543,#1544));
#172=EDGE_LOOP('',(#1545,#1546,#1547,#1548,#1549,#1550,#1551,#1552,#1553,
#1554,#1555,#1556,#1557,#1558,#1559,#1560,#1561,#1562,#1563,#1564,#1565,
#1566,#1567,#1568));
#173=EDGE_LOOP('',(#1569,#1570,#1571,#1572));
#174=EDGE_LOOP('',(#1573,#1574,#1575,#1576));
#175=EDGE_LOOP('',(#1577,#1578,#1579,#1580));
#176=EDGE_LOOP('',(#1581,#1582,#1583,#1584));
#177=EDGE_LOOP('',(#1585,#1586,#1587,#1588));
#178=EDGE_LOOP('',(#1589,#1590,#1591,#1592));
#179=EDGE_LOOP('',(#1593,#1594,#1595,#1596));
#180=EDGE_LOOP('',(#1597,#1598,#1599,#1600));
#181=EDGE_LOOP('',(#1601,#1602,#1603,#1604));
#182=EDGE_LOOP('',(#1605,#1606,#1607,#1608));
#183=EDGE_LOOP('',(#1609,#1610,#1611,#1612));
#184=EDGE_LOOP('',(#1613,#1614,#1615,#1616));
#185=EDGE_LOOP('',(#1617,#1618,#1619,#1620));
#186=EDGE_LOOP('',(#1621,#1622,#1623,#1624));
#187=EDGE_LOOP('',(#1625,#1626,#1627,#1628));
#188=EDGE_LOOP('',(#1629,#1630,#1631,#1632));
#189=EDGE_LOOP('',(#1633,#1634,#1635,#1636));
#190=EDGE_LOOP('',(#1637,#1638,#1639,#1640));
#191=EDGE_LOOP('',(#1641,#1642,#1643,#1644));
#192=EDGE_LOOP('',(#1645,#1646,#1647,#1648));
#193=EDGE_LOOP('',(#1649,#1650,#1651,#1652));
#194=EDGE_LOOP('',(#1653,#1654,#1655,#1656));
#195=EDGE_LOOP('',(#1657,#1658,#1659,#1660));
#196=EDGE_LOOP('',(#1661,#1662,#1663,#1664));
#197=EDGE_LOOP('',(#1665,#1666,#1667,#1668));
#198=EDGE_LOOP('',(#1669,#1670,#1671,#1672));
#199=EDGE_LOOP('',(#1673,#1674,#1675,#1676));
#200=EDGE_LOOP('',(#1677,#1678,#1679,#1680));
#201=EDGE_LOOP('',(#1681,#1682,#1683,#1684));
#202=EDGE_LOOP('',(#1685,#1686,#1687,#1688));
#203=EDGE_LOOP('',(#1689,#1690,#1691,#1692));
#204=EDGE_LOOP('',(#1693,#1694,#1695,#1696));
#205=EDGE_LOOP('',(#1697,#1698,#1699,#1700));
#206=EDGE_LOOP('',(#1701,#1702,#1703,#1704));
#207=EDGE_LOOP('',(#1705,#1706,#1707,#1708));
#208=EDGE_LOOP('',(#1709,#1710,#1711,#1712));
#209=EDGE_LOOP('',(#1713,#1714,#1715,#1716));
#210=EDGE_LOOP('',(#1717,#1718,#1719,#1720));
#211=EDGE_LOOP('',(#1721,#1722,#1723,#1724));
#212=EDGE_LOOP('',(#1725,#1726,#1727,#1728));
#213=EDGE_LOOP('',(#1729,#1730,#1731,#1732));
#214=EDGE_LOOP('',(#1733,#1734,#1735,#1736));
#215=EDGE_LOOP('',(#1737,#1738,#1739,#1740));
#216=EDGE_LOOP('',(#1741,#1742,#1743,#1744));
#217=EDGE_LOOP('',(#1745,#1746,#1747,#1748));
#218=EDGE_LOOP('',(#1749,#1750,#1751,#1752));
#219=EDGE_LOOP('',(#1753,#1754,#1755,#1756));
#220=EDGE_LOOP('',(#1757,#1758,#1759,#1760));
#221=EDGE_LOOP('',(#1761,#1762,#1763,#1764,#1765,#1766,#1767,#1768,#1769,
#1770,#1771,#1772,#1773,#1774,#1775,#1776,#1777,#1778,#1779,#1780,#1781,
#1782,#1783,#1784));
#222=EDGE_LOOP('',(#1785,#1786,#1787,#1788,#1789,#1790,#1791,#1792,#1793,
#1794,#1795,#1796,#1797,#1798,#1799,#1800,#1801,#1802,#1803,#1804,#1805,
#1806,#1807,#1808));
#223=EDGE_LOOP('',(#1809,#1810,#1811,#1812,#1813,#1814,#1815,#1816,#1817,
#1818,#1819,#1820,#1821,#1822,#1823,#1824,#1825,#1826,#1827,#1828,#1829,
#1830,#1831,#1832));
#224=EDGE_LOOP('',(#1833,#1834,#1835,#1836,#1837,#1838,#1839,#1840,#1841,
#1842,#1843,#1844,#1845,#1846,#1847,#1848,#1849,#1850,#1851,#1852,#1853,
#1854,#1855,#1856));
#225=LINE('',#2676,#513);
#226=LINE('',#2678,#514);
#227=LINE('',#2680,#515);
#228=LINE('',#2681,#516);
#229=LINE('',#2684,#517);
#230=LINE('',#2686,#518);
#231=LINE('',#2687,#519);
#232=LINE('',#2690,#520);
#233=LINE('',#2692,#521);
#234=LINE('',#2693,#522);
#235=LINE('',#2696,#523);
#236=LINE('',#2698,#524);
#237=LINE('',#2699,#525);
#238=LINE('',#2702,#526);
#239=LINE('',#2704,#527);
#240=LINE('',#2705,#528);
#241=LINE('',#2708,#529);
#242=LINE('',#2710,#530);
#243=LINE('',#2711,#531);
#244=LINE('',#2714,#532);
#245=LINE('',#2716,#533);
#246=LINE('',#2717,#534);
#247=LINE('',#2720,#535);
#248=LINE('',#2722,#536);
#249=LINE('',#2723,#537);
#250=LINE('',#2726,#538);
#251=LINE('',#2728,#539);
#252=LINE('',#2729,#540);
#253=LINE('',#2732,#541);
#254=LINE('',#2734,#542);
#255=LINE('',#2735,#543);
#256=LINE('',#2738,#544);
#257=LINE('',#2740,#545);
#258=LINE('',#2741,#546);
#259=LINE('',#2744,#547);
#260=LINE('',#2746,#548);
#261=LINE('',#2747,#549);
#262=LINE('',#2750,#550);
#263=LINE('',#2752,#551);
#264=LINE('',#2753,#552);
#265=LINE('',#2756,#553);
#266=LINE('',#2758,#554);
#267=LINE('',#2759,#555);
#268=LINE('',#2762,#556);
#269=LINE('',#2764,#557);
#270=LINE('',#2765,#558);
#271=LINE('',#2768,#559);
#272=LINE('',#2770,#560);
#273=LINE('',#2771,#561);
#274=LINE('',#2774,#562);
#275=LINE('',#2776,#563);
#276=LINE('',#2777,#564);
#277=LINE('',#2780,#565);
#278=LINE('',#2782,#566);
#279=LINE('',#2783,#567);
#280=LINE('',#2786,#568);
#281=LINE('',#2788,#569);
#282=LINE('',#2789,#570);
#283=LINE('',#2792,#571);
#284=LINE('',#2794,#572);
#285=LINE('',#2795,#573);
#286=LINE('',#2798,#574);
#287=LINE('',#2800,#575);
#288=LINE('',#2801,#576);
#289=LINE('',#2804,#577);
#290=LINE('',#2806,#578);
#291=LINE('',#2807,#579);
#292=LINE('',#2810,#580);
#293=LINE('',#2812,#581);
#294=LINE('',#2813,#582);
#295=LINE('',#2815,#583);
#296=LINE('',#2816,#584);
#297=LINE('',#2820,#585);
#298=LINE('',#2822,#586);
#299=LINE('',#2824,#587);
#300=LINE('',#2825,#588);
#301=LINE('',#2828,#589);
#302=LINE('',#2830,#590);
#303=LINE('',#2831,#591);
#304=LINE('',#2834,#592);
#305=LINE('',#2836,#593);
#306=LINE('',#2837,#594);
#307=LINE('',#2840,#595);
#308=LINE('',#2842,#596);
#309=LINE('',#2843,#597);
#310=LINE('',#2846,#598);
#311=LINE('',#2848,#599);
#312=LINE('',#2849,#600);
#313=LINE('',#2852,#601);
#314=LINE('',#2854,#602);
#315=LINE('',#2855,#603);
#316=LINE('',#2858,#604);
#317=LINE('',#2860,#605);
#318=LINE('',#2861,#606);
#319=LINE('',#2864,#607);
#320=LINE('',#2866,#608);
#321=LINE('',#2867,#609);
#322=LINE('',#2870,#610);
#323=LINE('',#2872,#611);
#324=LINE('',#2873,#612);
#325=LINE('',#2876,#613);
#326=LINE('',#2878,#614);
#327=LINE('',#2879,#615);
#328=LINE('',#2882,#616);
#329=LINE('',#2884,#617);
#330=LINE('',#2885,#618);
#331=LINE('',#2888,#619);
#332=LINE('',#2890,#620);
#333=LINE('',#2891,#621);
#334=LINE('',#2894,#622);
#335=LINE('',#2896,#623);
#336=LINE('',#2897,#624);
#337=LINE('',#2900,#625);
#338=LINE('',#2902,#626);
#339=LINE('',#2903,#627);
#340=LINE('',#2906,#628);
#341=LINE('',#2908,#629);
#342=LINE('',#2909,#630);
#343=LINE('',#2912,#631);
#344=LINE('',#2914,#632);
#345=LINE('',#2915,#633);
#346=LINE('',#2918,#634);
#347=LINE('',#2920,#635);
#348=LINE('',#2921,#636);
#349=LINE('',#2924,#637);
#350=LINE('',#2926,#638);
#351=LINE('',#2927,#639);
#352=LINE('',#2930,#640);
#353=LINE('',#2932,#641);
#354=LINE('',#2933,#642);
#355=LINE('',#2936,#643);
#356=LINE('',#2938,#644);
#357=LINE('',#2939,#645);
#358=LINE('',#2942,#646);
#359=LINE('',#2944,#647);
#360=LINE('',#2945,#648);
#361=LINE('',#2948,#649);
#362=LINE('',#2950,#650);
#363=LINE('',#2951,#651);
#364=LINE('',#2954,#652);
#365=LINE('',#2956,#653);
#366=LINE('',#2957,#654);
#367=LINE('',#2959,#655);
#368=LINE('',#2960,#656);
#369=LINE('',#2967,#657);
#370=LINE('',#2969,#658);
#371=LINE('',#2971,#659);
#372=LINE('',#2972,#660);
#373=LINE('',#2975,#661);
#374=LINE('',#2977,#662);
#375=LINE('',#2978,#663);
#376=LINE('',#2981,#664);
#377=LINE('',#2983,#665);
#378=LINE('',#2984,#666);
#379=LINE('',#2987,#667);
#380=LINE('',#2989,#668);
#381=LINE('',#2990,#669);
#382=LINE('',#2993,#670);
#383=LINE('',#2995,#671);
#384=LINE('',#2996,#672);
#385=LINE('',#2999,#673);
#386=LINE('',#3001,#674);
#387=LINE('',#3002,#675);
#388=LINE('',#3005,#676);
#389=LINE('',#3007,#677);
#390=LINE('',#3008,#678);
#391=LINE('',#3011,#679);
#392=LINE('',#3013,#680);
#393=LINE('',#3014,#681);
#394=LINE('',#3017,#682);
#395=LINE('',#3019,#683);
#396=LINE('',#3020,#684);
#397=LINE('',#3023,#685);
#398=LINE('',#3025,#686);
#399=LINE('',#3026,#687);
#400=LINE('',#3029,#688);
#401=LINE('',#3031,#689);
#402=LINE('',#3032,#690);
#403=LINE('',#3035,#691);
#404=LINE('',#3037,#692);
#405=LINE('',#3038,#693);
#406=LINE('',#3041,#694);
#407=LINE('',#3043,#695);
#408=LINE('',#3044,#696);
#409=LINE('',#3047,#697);
#410=LINE('',#3049,#698);
#411=LINE('',#3050,#699);
#412=LINE('',#3053,#700);
#413=LINE('',#3055,#701);
#414=LINE('',#3056,#702);
#415=LINE('',#3059,#703);
#416=LINE('',#3061,#704);
#417=LINE('',#3062,#705);
#418=LINE('',#3065,#706);
#419=LINE('',#3067,#707);
#420=LINE('',#3068,#708);
#421=LINE('',#3071,#709);
#422=LINE('',#3073,#710);
#423=LINE('',#3074,#711);
#424=LINE('',#3077,#712);
#425=LINE('',#3079,#713);
#426=LINE('',#3080,#714);
#427=LINE('',#3083,#715);
#428=LINE('',#3085,#716);
#429=LINE('',#3086,#717);
#430=LINE('',#3089,#718);
#431=LINE('',#3091,#719);
#432=LINE('',#3092,#720);
#433=LINE('',#3095,#721);
#434=LINE('',#3097,#722);
#435=LINE('',#3098,#723);
#436=LINE('',#3101,#724);
#437=LINE('',#3103,#725);
#438=LINE('',#3104,#726);
#439=LINE('',#3106,#727);
#440=LINE('',#3107,#728);
#441=LINE('',#3111,#729);
#442=LINE('',#3113,#730);
#443=LINE('',#3115,#731);
#444=LINE('',#3116,#732);
#445=LINE('',#3119,#733);
#446=LINE('',#3121,#734);
#447=LINE('',#3122,#735);
#448=LINE('',#3125,#736);
#449=LINE('',#3127,#737);
#450=LINE('',#3128,#738);
#451=LINE('',#3131,#739);
#452=LINE('',#3133,#740);
#453=LINE('',#3134,#741);
#454=LINE('',#3137,#742);
#455=LINE('',#3139,#743);
#456=LINE('',#3140,#744);
#457=LINE('',#3143,#745);
#458=LINE('',#3145,#746);
#459=LINE('',#3146,#747);
#460=LINE('',#3149,#748);
#461=LINE('',#3151,#749);
#462=LINE('',#3152,#750);
#463=LINE('',#3155,#751);
#464=LINE('',#3157,#752);
#465=LINE('',#3158,#753);
#466=LINE('',#3161,#754);
#467=LINE('',#3163,#755);
#468=LINE('',#3164,#756);
#469=LINE('',#3167,#757);
#470=LINE('',#3169,#758);
#471=LINE('',#3170,#759);
#472=LINE('',#3173,#760);
#473=LINE('',#3175,#761);
#474=LINE('',#3176,#762);
#475=LINE('',#3179,#763);
#476=LINE('',#3181,#764);
#477=LINE('',#3182,#765);
#478=LINE('',#3185,#766);
#479=LINE('',#3187,#767);
#480=LINE('',#3188,#768);
#481=LINE('',#3191,#769);
#482=LINE('',#3193,#770);
#483=LINE('',#3194,#771);
#484=LINE('',#3197,#772);
#485=LINE('',#3199,#773);
#486=LINE('',#3200,#774);
#487=LINE('',#3203,#775);
#488=LINE('',#3205,#776);
#489=LINE('',#3206,#777);
#490=LINE('',#3209,#778);
#491=LINE('',#3211,#779);
#492=LINE('',#3212,#780);
#493=LINE('',#3215,#781);
#494=LINE('',#3217,#782);
#495=LINE('',#3218,#783);
#496=LINE('',#3221,#784);
#497=LINE('',#3223,#785);
#498=LINE('',#3224,#786);
#499=LINE('',#3227,#787);
#500=LINE('',#3229,#788);
#501=LINE('',#3230,#789);
#502=LINE('',#3233,#790);
#503=LINE('',#3235,#791);
#504=LINE('',#3236,#792);
#505=LINE('',#3239,#793);
#506=LINE('',#3241,#794);
#507=LINE('',#3242,#795);
#508=LINE('',#3245,#796);
#509=LINE('',#3247,#797);
#510=LINE('',#3248,#798);
#511=LINE('',#3250,#799);
#512=LINE('',#3251,#800);
#513=VECTOR('',#2182,10.);
#514=VECTOR('',#2183,10.);
#515=VECTOR('',#2184,10.);
#516=VECTOR('',#2185,10.);
#517=VECTOR('',#2188,10.);
#518=VECTOR('',#2189,10.);
#519=VECTOR('',#2190,10.);
#520=VECTOR('',#2193,10.);
#521=VECTOR('',#2194,10.);
#522=VECTOR('',#2195,10.);
#523=VECTOR('',#2198,10.);
#524=VECTOR('',#2199,10.);
#525=VECTOR('',#2200,10.);
#526=VECTOR('',#2203,10.);
#527=VECTOR('',#2204,10.);
#528=VECTOR('',#2205,10.);
#529=VECTOR('',#2208,10.);
#530=VECTOR('',#2209,10.);
#531=VECTOR('',#2210,10.);
#532=VECTOR('',#2213,10.);
#533=VECTOR('',#2214,10.);
#534=VECTOR('',#2215,10.);
#535=VECTOR('',#2218,10.);
#536=VECTOR('',#2219,10.);
#537=VECTOR('',#2220,10.);
#538=VECTOR('',#2223,10.);
#539=VECTOR('',#2224,10.);
#540=VECTOR('',#2225,10.);
#541=VECTOR('',#2228,10.);
#542=VECTOR('',#2229,10.);
#543=VECTOR('',#2230,10.);
#544=VECTOR('',#2233,10.);
#545=VECTOR('',#2234,10.);
#546=VECTOR('',#2235,10.);
#547=VECTOR('',#2238,10.);
#548=VECTOR('',#2239,10.);
#549=VECTOR('',#2240,10.);
#550=VECTOR('',#2243,10.);
#551=VECTOR('',#2244,10.);
#552=VECTOR('',#2245,10.);
#553=VECTOR('',#2248,10.);
#554=VECTOR('',#2249,10.);
#555=VECTOR('',#2250,10.);
#556=VECTOR('',#2253,10.);
#557=VECTOR('',#2254,10.);
#558=VECTOR('',#2255,10.);
#559=VECTOR('',#2258,10.);
#560=VECTOR('',#2259,10.);
#561=VECTOR('',#2260,10.);
#562=VECTOR('',#2263,10.);
#563=VECTOR('',#2264,10.);
#564=VECTOR('',#2265,10.);
#565=VECTOR('',#2268,10.);
#566=VECTOR('',#2269,10.);
#567=VECTOR('',#2270,10.);
#568=VECTOR('',#2273,10.);
#569=VECTOR('',#2274,10.);
#570=VECTOR('',#2275,10.);
#571=VECTOR('',#2278,10.);
#572=VECTOR('',#2279,10.);
#573=VECTOR('',#2280,10.);
#574=VECTOR('',#2283,10.);
#575=VECTOR('',#2284,10.);
#576=VECTOR('',#2285,10.);
#577=VECTOR('',#2288,10.);
#578=VECTOR('',#2289,10.);
#579=VECTOR('',#2290,10.);
#580=VECTOR('',#2293,10.);
#581=VECTOR('',#2294,10.);
#582=VECTOR('',#2295,10.);
#583=VECTOR('',#2298,10.);
#584=VECTOR('',#2299,10.);
#585=VECTOR('',#2302,10.);
#586=VECTOR('',#2303,10.);
#587=VECTOR('',#2304,10.);
#588=VECTOR('',#2305,10.);
#589=VECTOR('',#2308,10.);
#590=VECTOR('',#2309,10.);
#591=VECTOR('',#2310,10.);
#592=VECTOR('',#2313,10.);
#593=VECTOR('',#2314,10.);
#594=VECTOR('',#2315,10.);
#595=VECTOR('',#2318,10.);
#596=VECTOR('',#2319,10.);
#597=VECTOR('',#2320,10.);
#598=VECTOR('',#2323,10.);
#599=VECTOR('',#2324,10.);
#600=VECTOR('',#2325,10.);
#601=VECTOR('',#2328,10.);
#602=VECTOR('',#2329,10.);
#603=VECTOR('',#2330,10.);
#604=VECTOR('',#2333,10.);
#605=VECTOR('',#2334,10.);
#606=VECTOR('',#2335,10.);
#607=VECTOR('',#2338,10.);
#608=VECTOR('',#2339,10.);
#609=VECTOR('',#2340,10.);
#610=VECTOR('',#2343,10.);
#611=VECTOR('',#2344,10.);
#612=VECTOR('',#2345,10.);
#613=VECTOR('',#2348,10.);
#614=VECTOR('',#2349,10.);
#615=VECTOR('',#2350,10.);
#616=VECTOR('',#2353,10.);
#617=VECTOR('',#2354,10.);
#618=VECTOR('',#2355,10.);
#619=VECTOR('',#2358,10.);
#620=VECTOR('',#2359,10.);
#621=VECTOR('',#2360,10.);
#622=VECTOR('',#2363,10.);
#623=VECTOR('',#2364,10.);
#624=VECTOR('',#2365,10.);
#625=VECTOR('',#2368,10.);
#626=VECTOR('',#2369,10.);
#627=VECTOR('',#2370,10.);
#628=VECTOR('',#2373,10.);
#629=VECTOR('',#2374,10.);
#630=VECTOR('',#2375,10.);
#631=VECTOR('',#2378,10.);
#632=VECTOR('',#2379,10.);
#633=VECTOR('',#2380,10.);
#634=VECTOR('',#2383,10.);
#635=VECTOR('',#2384,10.);
#636=VECTOR('',#2385,10.);
#637=VECTOR('',#2388,10.);
#638=VECTOR('',#2389,10.);
#639=VECTOR('',#2390,10.);
#640=VECTOR('',#2393,10.);
#641=VECTOR('',#2394,10.);
#642=VECTOR('',#2395,10.);
#643=VECTOR('',#2398,10.);
#644=VECTOR('',#2399,10.);
#645=VECTOR('',#2400,10.);
#646=VECTOR('',#2403,10.);
#647=VECTOR('',#2404,10.);
#648=VECTOR('',#2405,10.);
#649=VECTOR('',#2408,10.);
#650=VECTOR('',#2409,10.);
#651=VECTOR('',#2410,10.);
#652=VECTOR('',#2413,10.);
#653=VECTOR('',#2414,10.);
#654=VECTOR('',#2415,10.);
#655=VECTOR('',#2418,10.);
#656=VECTOR('',#2419,10.);
#657=VECTOR('',#2428,10.);
#658=VECTOR('',#2429,10.);
#659=VECTOR('',#2430,10.);
#660=VECTOR('',#2431,10.);
#661=VECTOR('',#2434,10.);
#662=VECTOR('',#2435,10.);
#663=VECTOR('',#2436,10.);
#664=VECTOR('',#2439,10.);
#665=VECTOR('',#2440,10.);
#666=VECTOR('',#2441,10.);
#667=VECTOR('',#2444,10.);
#668=VECTOR('',#2445,10.);
#669=VECTOR('',#2446,10.);
#670=VECTOR('',#2449,10.);
#671=VECTOR('',#2450,10.);
#672=VECTOR('',#2451,10.);
#673=VECTOR('',#2454,10.);
#674=VECTOR('',#2455,10.);
#675=VECTOR('',#2456,10.);
#676=VECTOR('',#2459,10.);
#677=VECTOR('',#2460,10.);
#678=VECTOR('',#2461,10.);
#679=VECTOR('',#2464,10.);
#680=VECTOR('',#2465,10.);
#681=VECTOR('',#2466,10.);
#682=VECTOR('',#2469,10.);
#683=VECTOR('',#2470,10.);
#684=VECTOR('',#2471,10.);
#685=VECTOR('',#2474,10.);
#686=VECTOR('',#2475,10.);
#687=VECTOR('',#2476,10.);
#688=VECTOR('',#2479,10.);
#689=VECTOR('',#2480,10.);
#690=VECTOR('',#2481,10.);
#691=VECTOR('',#2484,10.);
#692=VECTOR('',#2485,10.);
#693=VECTOR('',#2486,10.);
#694=VECTOR('',#2489,10.);
#695=VECTOR('',#2490,10.);
#696=VECTOR('',#2491,10.);
#697=VECTOR('',#2494,10.);
#698=VECTOR('',#2495,10.);
#699=VECTOR('',#2496,10.);
#700=VECTOR('',#2499,10.);
#701=VECTOR('',#2500,10.);
#702=VECTOR('',#2501,10.);
#703=VECTOR('',#2504,10.);
#704=VECTOR('',#2505,10.);
#705=VECTOR('',#2506,10.);
#706=VECTOR('',#2509,10.);
#707=VECTOR('',#2510,10.);
#708=VECTOR('',#2511,10.);
#709=VECTOR('',#2514,10.);
#710=VECTOR('',#2515,10.);
#711=VECTOR('',#2516,10.);
#712=VECTOR('',#2519,10.);
#713=VECTOR('',#2520,10.);
#714=VECTOR('',#2521,10.);
#715=VECTOR('',#2524,10.);
#716=VECTOR('',#2525,10.);
#717=VECTOR('',#2526,10.);
#718=VECTOR('',#2529,10.);
#719=VECTOR('',#2530,10.);
#720=VECTOR('',#2531,10.);
#721=VECTOR('',#2534,10.);
#722=VECTOR('',#2535,10.);
#723=VECTOR('',#2536,10.);
#724=VECTOR('',#2539,10.);
#725=VECTOR('',#2540,10.);
#726=VECTOR('',#2541,10.);
#727=VECTOR('',#2544,10.);
#728=VECTOR('',#2545,10.);
#729=VECTOR('',#2548,10.);
#730=VECTOR('',#2549,10.);
#731=VECTOR('',#2550,10.);
#732=VECTOR('',#2551,10.);
#733=VECTOR('',#2554,10.);
#734=VECTOR('',#2555,10.);
#735=VECTOR('',#2556,10.);
#736=VECTOR('',#2559,10.);
#737=VECTOR('',#2560,10.);
#738=VECTOR('',#2561,10.);
#739=VECTOR('',#2564,10.);
#740=VECTOR('',#2565,10.);
#741=VECTOR('',#2566,10.);
#742=VECTOR('',#2569,10.);
#743=VECTOR('',#2570,10.);
#744=VECTOR('',#2571,10.);
#745=VECTOR('',#2574,10.);
#746=VECTOR('',#2575,10.);
#747=VECTOR('',#2576,10.);
#748=VECTOR('',#2579,10.);
#749=VECTOR('',#2580,10.);
#750=VECTOR('',#2581,10.);
#751=VECTOR('',#2584,10.);
#752=VECTOR('',#2585,10.);
#753=VECTOR('',#2586,10.);
#754=VECTOR('',#2589,10.);
#755=VECTOR('',#2590,10.);
#756=VECTOR('',#2591,10.);
#757=VECTOR('',#2594,10.);
#758=VECTOR('',#2595,10.);
#759=VECTOR('',#2596,10.);
#760=VECTOR('',#2599,10.);
#761=VECTOR('',#2600,10.);
#762=VECTOR('',#2601,10.);
#763=VECTOR('',#2604,10.);
#764=VECTOR('',#2605,10.);
#765=VECTOR('',#2606,10.);
#766=VECTOR('',#2609,10.);
#767=VECTOR('',#2610,10.);
#768=VECTOR('',#2611,10.);
#769=VECTOR('',#2614,10.);
#770=VECTOR('',#2615,10.);
#771=VECTOR('',#2616,10.);
#772=VECTOR('',#2619,10.);
#773=VECTOR('',#2620,10.);
#774=VECTOR('',#2621,10.);
#775=VECTOR('',#2624,10.);
#776=VECTOR('',#2625,10.);
#777=VECTOR('',#2626,10.);
#778=VECTOR('',#2629,10.);
#779=VECTOR('',#2630,10.);
#780=VECTOR('',#2631,10.);
#781=VECTOR('',#2634,10.);
#782=VECTOR('',#2635,10.);
#783=VECTOR('',#2636,10.);
#784=VECTOR('',#2639,10.);
#785=VECTOR('',#2640,10.);
#786=VECTOR('',#2641,10.);
#787=VECTOR('',#2644,10.);
#788=VECTOR('',#2645,10.);
#789=VECTOR('',#2646,10.);
#790=VECTOR('',#2649,10.);
#791=VECTOR('',#2650,10.);
#792=VECTOR('',#2651,10.);
#793=VECTOR('',#2654,10.);
#794=VECTOR('',#2655,10.);
#795=VECTOR('',#2656,10.);
#796=VECTOR('',#2659,10.);
#797=VECTOR('',#2660,10.);
#798=VECTOR('',#2661,10.);
#799=VECTOR('',#2664,10.);
#800=VECTOR('',#2665,10.);
#801=VERTEX_POINT('',#2674);
#802=VERTEX_POINT('',#2675);
#803=VERTEX_POINT('',#2677);
#804=VERTEX_POINT('',#2679);
#805=VERTEX_POINT('',#2683);
#806=VERTEX_POINT('',#2685);
#807=VERTEX_POINT('',#2689);
#808=VERTEX_POINT('',#2691);
#809=VERTEX_POINT('',#2695);
#810=VERTEX_POINT('',#2697);
#811=VERTEX_POINT('',#2701);
#812=VERTEX_POINT('',#2703);
#813=VERTEX_POINT('',#2707);
#814=VERTEX_POINT('',#2709);
#815=VERTEX_POINT('',#2713);
#816=VERTEX_POINT('',#2715);
#817=VERTEX_POINT('',#2719);
#818=VERTEX_POINT('',#2721);
#819=VERTEX_POINT('',#2725);
#820=VERTEX_POINT('',#2727);
#821=VERTEX_POINT('',#2731);
#822=VERTEX_POINT('',#2733);
#823=VERTEX_POINT('',#2737);
#824=VERTEX_POINT('',#2739);
#825=VERTEX_POINT('',#2743);
#826=VERTEX_POINT('',#2745);
#827=VERTEX_POINT('',#2749);
#828=VERTEX_POINT('',#2751);
#829=VERTEX_POINT('',#2755);
#830=VERTEX_POINT('',#2757);
#831=VERTEX_POINT('',#2761);
#832=VERTEX_POINT('',#2763);
#833=VERTEX_POINT('',#2767);
#834=VERTEX_POINT('',#2769);
#835=VERTEX_POINT('',#2773);
#836=VERTEX_POINT('',#2775);
#837=VERTEX_POINT('',#2779);
#838=VERTEX_POINT('',#2781);
#839=VERTEX_POINT('',#2785);
#840=VERTEX_POINT('',#2787);
#841=VERTEX_POINT('',#2791);
#842=VERTEX_POINT('',#2793);
#843=VERTEX_POINT('',#2797);
#844=VERTEX_POINT('',#2799);
#845=VERTEX_POINT('',#2803);
#846=VERTEX_POINT('',#2805);
#847=VERTEX_POINT('',#2809);
#848=VERTEX_POINT('',#2811);
#849=VERTEX_POINT('',#2818);
#850=VERTEX_POINT('',#2819);
#851=VERTEX_POINT('',#2821);
#852=VERTEX_POINT('',#2823);
#853=VERTEX_POINT('',#2827);
#854=VERTEX_POINT('',#2829);
#855=VERTEX_POINT('',#2833);
#856=VERTEX_POINT('',#2835);
#857=VERTEX_POINT('',#2839);
#858=VERTEX_POINT('',#2841);
#859=VERTEX_POINT('',#2845);
#860=VERTEX_POINT('',#2847);
#861=VERTEX_POINT('',#2851);
#862=VERTEX_POINT('',#2853);
#863=VERTEX_POINT('',#2857);
#864=VERTEX_POINT('',#2859);
#865=VERTEX_POINT('',#2863);
#866=VERTEX_POINT('',#2865);
#867=VERTEX_POINT('',#2869);
#868=VERTEX_POINT('',#2871);
#869=VERTEX_POINT('',#2875);
#870=VERTEX_POINT('',#2877);
#871=VERTEX_POINT('',#2881);
#872=VERTEX_POINT('',#2883);
#873=VERTEX_POINT('',#2887);
#874=VERTEX_POINT('',#2889);
#875=VERTEX_POINT('',#2893);
#876=VERTEX_POINT('',#2895);
#877=VERTEX_POINT('',#2899);
#878=VERTEX_POINT('',#2901);
#879=VERTEX_POINT('',#2905);
#880=VERTEX_POINT('',#2907);
#881=VERTEX_POINT('',#2911);
#882=VERTEX_POINT('',#2913);
#883=VERTEX_POINT('',#2917);
#884=VERTEX_POINT('',#2919);
#885=VERTEX_POINT('',#2923);
#886=VERTEX_POINT('',#2925);
#887=VERTEX_POINT('',#2929);
#888=VERTEX_POINT('',#2931);
#889=VERTEX_POINT('',#2935);
#890=VERTEX_POINT('',#2937);
#891=VERTEX_POINT('',#2941);
#892=VERTEX_POINT('',#2943);
#893=VERTEX_POINT('',#2947);
#894=VERTEX_POINT('',#2949);
#895=VERTEX_POINT('',#2953);
#896=VERTEX_POINT('',#2955);
#897=VERTEX_POINT('',#2965);
#898=VERTEX_POINT('',#2966);
#899=VERTEX_POINT('',#2968);
#900=VERTEX_POINT('',#2970);
#901=VERTEX_POINT('',#2974);
#902=VERTEX_POINT('',#2976);
#903=VERTEX_POINT('',#2980);
#904=VERTEX_POINT('',#2982);
#905=VERTEX_POINT('',#2986);
#906=VERTEX_POINT('',#2988);
#907=VERTEX_POINT('',#2992);
#908=VERTEX_POINT('',#2994);
#909=VERTEX_POINT('',#2998);
#910=VERTEX_POINT('',#3000);
#911=VERTEX_POINT('',#3004);
#912=VERTEX_POINT('',#3006);
#913=VERTEX_POINT('',#3010);
#914=VERTEX_POINT('',#3012);
#915=VERTEX_POINT('',#3016);
#916=VERTEX_POINT('',#3018);
#917=VERTEX_POINT('',#3022);
#918=VERTEX_POINT('',#3024);
#919=VERTEX_POINT('',#3028);
#920=VERTEX_POINT('',#3030);
#921=VERTEX_POINT('',#3034);
#922=VERTEX_POINT('',#3036);
#923=VERTEX_POINT('',#3040);
#924=VERTEX_POINT('',#3042);
#925=VERTEX_POINT('',#3046);
#926=VERTEX_POINT('',#3048);
#927=VERTEX_POINT('',#3052);
#928=VERTEX_POINT('',#3054);
#929=VERTEX_POINT('',#3058);
#930=VERTEX_POINT('',#3060);
#931=VERTEX_POINT('',#3064);
#932=VERTEX_POINT('',#3066);
#933=VERTEX_POINT('',#3070);
#934=VERTEX_POINT('',#3072);
#935=VERTEX_POINT('',#3076);
#936=VERTEX_POINT('',#3078);
#937=VERTEX_POINT('',#3082);
#938=VERTEX_POINT('',#3084);
#939=VERTEX_POINT('',#3088);
#940=VERTEX_POINT('',#3090);
#941=VERTEX_POINT('',#3094);
#942=VERTEX_POINT('',#3096);
#943=VERTEX_POINT('',#3100);
#944=VERTEX_POINT('',#3102);
#945=VERTEX_POINT('',#3109);
#946=VERTEX_POINT('',#3110);
#947=VERTEX_POINT('',#3112);
#948=VERTEX_POINT('',#3114);
#949=VERTEX_POINT('',#3118);
#950=VERTEX_POINT('',#3120);
#951=VERTEX_POINT('',#3124);
#952=VERTEX_POINT('',#3126);
#953=VERTEX_POINT('',#3130);
#954=VERTEX_POINT('',#3132);
#955=VERTEX_POINT('',#3136);
#956=VERTEX_POINT('',#3138);
#957=VERTEX_POINT('',#3142);
#958=VERTEX_POINT('',#3144);
#959=VERTEX_POINT('',#3148);
#960=VERTEX_POINT('',#3150);
#961=VERTEX_POINT('',#3154);
#962=VERTEX_POINT('',#3156);
#963=VERTEX_POINT('',#3160);
#964=VERTEX_POINT('',#3162);
#965=VERTEX_POINT('',#3166);
#966=VERTEX_POINT('',#3168);
#967=VERTEX_POINT('',#3172);
#968=VERTEX_POINT('',#3174);
#969=VERTEX_POINT('',#3178);
#970=VERTEX_POINT('',#3180);
#971=VERTEX_POINT('',#3184);
#972=VERTEX_POINT('',#3186);
#973=VERTEX_POINT('',#3190);
#974=VERTEX_POINT('',#3192);
#975=VERTEX_POINT('',#3196);
#976=VERTEX_POINT('',#3198);
#977=VERTEX_POINT('',#3202);
#978=VERTEX_POINT('',#3204);
#979=VERTEX_POINT('',#3208);
#980=VERTEX_POINT('',#3210);
#981=VERTEX_POINT('',#3214);
#982=VERTEX_POINT('',#3216);
#983=VERTEX_POINT('',#3220);
#984=VERTEX_POINT('',#3222);
#985=VERTEX_POINT('',#3226);
#986=VERTEX_POINT('',#3228);
#987=VERTEX_POINT('',#3232);
#988=VERTEX_POINT('',#3234);
#989=VERTEX_POINT('',#3238);
#990=VERTEX_POINT('',#3240);
#991=VERTEX_POINT('',#3244);
#992=VERTEX_POINT('',#3246);
#993=EDGE_CURVE('',#801,#802,#225,.T.);
#994=EDGE_CURVE('',#801,#803,#226,.T.);
#995=EDGE_CURVE('',#804,#803,#227,.T.);
#996=EDGE_CURVE('',#802,#804,#228,.T.);
#997=EDGE_CURVE('',#805,#801,#229,.T.);
#998=EDGE_CURVE('',#805,#806,#230,.T.);
#999=EDGE_CURVE('',#803,#806,#231,.T.);
#1000=EDGE_CURVE('',#807,#805,#232,.T.);
#1001=EDGE_CURVE('',#807,#808,#233,.T.);
#1002=EDGE_CURVE('',#806,#808,#234,.T.);
#1003=EDGE_CURVE('',#809,#807,#235,.T.);
#1004=EDGE_CURVE('',#809,#810,#236,.T.);
#1005=EDGE_CURVE('',#808,#810,#237,.T.);
#1006=EDGE_CURVE('',#811,#809,#238,.T.);
#1007=EDGE_CURVE('',#811,#812,#239,.T.);
#1008=EDGE_CURVE('',#810,#812,#240,.T.);
#1009=EDGE_CURVE('',#813,#811,#241,.T.);
#1010=EDGE_CURVE('',#813,#814,#242,.T.);
#1011=EDGE_CURVE('',#812,#814,#243,.T.);
#1012=EDGE_CURVE('',#815,#813,#244,.T.);
#1013=EDGE_CURVE('',#815,#816,#245,.T.);
#1014=EDGE_CURVE('',#814,#816,#246,.T.);
#1015=EDGE_CURVE('',#817,#815,#247,.T.);
#1016=EDGE_CURVE('',#817,#818,#248,.T.);
#1017=EDGE_CURVE('',#816,#818,#249,.T.);
#1018=EDGE_CURVE('',#819,#817,#250,.T.);
#1019=EDGE_CURVE('',#819,#820,#251,.T.);
#1020=EDGE_CURVE('',#818,#820,#252,.T.);
#1021=EDGE_CURVE('',#821,#819,#253,.T.);
#1022=EDGE_CURVE('',#821,#822,#254,.T.);
#1023=EDGE_CURVE('',#820,#822,#255,.T.);
#1024=EDGE_CURVE('',#823,#821,#256,.T.);
#1025=EDGE_CURVE('',#823,#824,#257,.T.);
#1026=EDGE_CURVE('',#822,#824,#258,.T.);
#1027=EDGE_CURVE('',#825,#823,#259,.T.);
#1028=EDGE_CURVE('',#825,#826,#260,.T.);
#1029=EDGE_CURVE('',#824,#826,#261,.T.);
#1030=EDGE_CURVE('',#802,#827,#262,.T.);
#1031=EDGE_CURVE('',#828,#804,#263,.T.);
#1032=EDGE_CURVE('',#827,#828,#264,.T.);
#1033=EDGE_CURVE('',#827,#829,#265,.T.);
#1034=EDGE_CURVE('',#830,#828,#266,.T.);
#1035=EDGE_CURVE('',#829,#830,#267,.T.);
#1036=EDGE_CURVE('',#829,#831,#268,.T.);
#1037=EDGE_CURVE('',#832,#830,#269,.T.);
#1038=EDGE_CURVE('',#831,#832,#270,.T.);
#1039=EDGE_CURVE('',#831,#833,#271,.T.);
#1040=EDGE_CURVE('',#834,#832,#272,.T.);
#1041=EDGE_CURVE('',#833,#834,#273,.T.);
#1042=EDGE_CURVE('',#833,#835,#274,.T.);
#1043=EDGE_CURVE('',#836,#834,#275,.T.);
#1044=EDGE_CURVE('',#835,#836,#276,.T.);
#1045=EDGE_CURVE('',#835,#837,#277,.T.);
#1046=EDGE_CURVE('',#838,#836,#278,.T.);
#1047=EDGE_CURVE('',#837,#838,#279,.T.);
#1048=EDGE_CURVE('',#837,#839,#280,.T.);
#1049=EDGE_CURVE('',#840,#838,#281,.T.);
#1050=EDGE_CURVE('',#839,#840,#282,.T.);
#1051=EDGE_CURVE('',#839,#841,#283,.T.);
#1052=EDGE_CURVE('',#842,#840,#284,.T.);
#1053=EDGE_CURVE('',#841,#842,#285,.T.);
#1054=EDGE_CURVE('',#841,#843,#286,.T.);
#1055=EDGE_CURVE('',#844,#842,#287,.T.);
#1056=EDGE_CURVE('',#843,#844,#288,.T.);
#1057=EDGE_CURVE('',#843,#845,#289,.T.);
#1058=EDGE_CURVE('',#846,#844,#290,.T.);
#1059=EDGE_CURVE('',#845,#846,#291,.T.);
#1060=EDGE_CURVE('',#845,#847,#292,.T.);
#1061=EDGE_CURVE('',#848,#846,#293,.T.);
#1062=EDGE_CURVE('',#847,#848,#294,.T.);
#1063=EDGE_CURVE('',#847,#825,#295,.T.);
#1064=EDGE_CURVE('',#826,#848,#296,.T.);
#1065=EDGE_CURVE('',#849,#850,#297,.T.);
#1066=EDGE_CURVE('',#849,#851,#298,.T.);
#1067=EDGE_CURVE('',#852,#851,#299,.T.);
#1068=EDGE_CURVE('',#850,#852,#300,.T.);
#1069=EDGE_CURVE('',#853,#850,#301,.T.);
#1070=EDGE_CURVE('',#854,#852,#302,.T.);
#1071=EDGE_CURVE('',#853,#854,#303,.T.);
#1072=EDGE_CURVE('',#855,#853,#304,.T.);
#1073=EDGE_CURVE('',#856,#854,#305,.T.);
#1074=EDGE_CURVE('',#855,#856,#306,.T.);
#1075=EDGE_CURVE('',#857,#855,#307,.T.);
#1076=EDGE_CURVE('',#858,#856,#308,.T.);
#1077=EDGE_CURVE('',#857,#858,#309,.T.);
#1078=EDGE_CURVE('',#859,#857,#310,.T.);
#1079=EDGE_CURVE('',#860,#858,#311,.T.);
#1080=EDGE_CURVE('',#859,#860,#312,.T.);
#1081=EDGE_CURVE('',#861,#859,#313,.T.);
#1082=EDGE_CURVE('',#862,#860,#314,.T.);
#1083=EDGE_CURVE('',#861,#862,#315,.T.);
#1084=EDGE_CURVE('',#863,#861,#316,.T.);
#1085=EDGE_CURVE('',#864,#862,#317,.T.);
#1086=EDGE_CURVE('',#863,#864,#318,.T.);
#1087=EDGE_CURVE('',#865,#863,#319,.T.);
#1088=EDGE_CURVE('',#866,#864,#320,.T.);
#1089=EDGE_CURVE('',#865,#866,#321,.T.);
#1090=EDGE_CURVE('',#867,#865,#322,.T.);
#1091=EDGE_CURVE('',#868,#866,#323,.T.);
#1092=EDGE_CURVE('',#867,#868,#324,.T.);
#1093=EDGE_CURVE('',#869,#867,#325,.T.);
#1094=EDGE_CURVE('',#870,#868,#326,.T.);
#1095=EDGE_CURVE('',#869,#870,#327,.T.);
#1096=EDGE_CURVE('',#871,#869,#328,.T.);
#1097=EDGE_CURVE('',#872,#870,#329,.T.);
#1098=EDGE_CURVE('',#871,#872,#330,.T.);
#1099=EDGE_CURVE('',#873,#871,#331,.T.);
#1100=EDGE_CURVE('',#874,#872,#332,.T.);
#1101=EDGE_CURVE('',#873,#874,#333,.T.);
#1102=EDGE_CURVE('',#875,#873,#334,.T.);
#1103=EDGE_CURVE('',#876,#874,#335,.T.);
#1104=EDGE_CURVE('',#875,#876,#336,.T.);
#1105=EDGE_CURVE('',#877,#875,#337,.T.);
#1106=EDGE_CURVE('',#878,#876,#338,.T.);
#1107=EDGE_CURVE('',#877,#878,#339,.T.);
#1108=EDGE_CURVE('',#879,#877,#340,.T.);
#1109=EDGE_CURVE('',#880,#878,#341,.T.);
#1110=EDGE_CURVE('',#879,#880,#342,.T.);
#1111=EDGE_CURVE('',#881,#879,#343,.T.);
#1112=EDGE_CURVE('',#882,#880,#344,.T.);
#1113=EDGE_CURVE('',#881,#882,#345,.T.);
#1114=EDGE_CURVE('',#883,#881,#346,.T.);
#1115=EDGE_CURVE('',#884,#882,#347,.T.);
#1116=EDGE_CURVE('',#883,#884,#348,.T.);
#1117=EDGE_CURVE('',#885,#883,#349,.T.);
#1118=EDGE_CURVE('',#886,#884,#350,.T.);
#1119=EDGE_CURVE('',#885,#886,#351,.T.);
#1120=EDGE_CURVE('',#887,#885,#352,.T.);
#1121=EDGE_CURVE('',#888,#886,#353,.T.);
#1122=EDGE_CURVE('',#887,#888,#354,.T.);
#1123=EDGE_CURVE('',#889,#887,#355,.T.);
#1124=EDGE_CURVE('',#890,#888,#356,.T.);
#1125=EDGE_CURVE('',#889,#890,#357,.T.);
#1126=EDGE_CURVE('',#891,#889,#358,.T.);
#1127=EDGE_CURVE('',#892,#890,#359,.T.);
#1128=EDGE_CURVE('',#891,#892,#360,.T.);
#1129=EDGE_CURVE('',#893,#891,#361,.T.);
#1130=EDGE_CURVE('',#894,#892,#362,.T.);
#1131=EDGE_CURVE('',#893,#894,#363,.T.);
#1132=EDGE_CURVE('',#895,#893,#364,.T.);
#1133=EDGE_CURVE('',#896,#894,#365,.T.);
#1134=EDGE_CURVE('',#895,#896,#366,.T.);
#1135=EDGE_CURVE('',#849,#895,#367,.T.);
#1136=EDGE_CURVE('',#851,#896,#368,.T.);
#1137=EDGE_CURVE('',#897,#898,#369,.T.);
#1138=EDGE_CURVE('',#898,#899,#370,.T.);
#1139=EDGE_CURVE('',#899,#900,#371,.T.);
#1140=EDGE_CURVE('',#897,#900,#372,.T.);
#1141=EDGE_CURVE('',#901,#897,#373,.T.);
#1142=EDGE_CURVE('',#900,#902,#374,.T.);
#1143=EDGE_CURVE('',#901,#902,#375,.T.);
#1144=EDGE_CURVE('',#903,#901,#376,.T.);
#1145=EDGE_CURVE('',#902,#904,#377,.T.);
#1146=EDGE_CURVE('',#903,#904,#378,.T.);
#1147=EDGE_CURVE('',#905,#903,#379,.T.);
#1148=EDGE_CURVE('',#904,#906,#380,.T.);
#1149=EDGE_CURVE('',#905,#906,#381,.T.);
#1150=EDGE_CURVE('',#907,#905,#382,.T.);
#1151=EDGE_CURVE('',#906,#908,#383,.T.);
#1152=EDGE_CURVE('',#907,#908,#384,.T.);
#1153=EDGE_CURVE('',#909,#907,#385,.T.);
#1154=EDGE_CURVE('',#908,#910,#386,.T.);
#1155=EDGE_CURVE('',#909,#910,#387,.T.);
#1156=EDGE_CURVE('',#911,#909,#388,.T.);
#1157=EDGE_CURVE('',#910,#912,#389,.T.);
#1158=EDGE_CURVE('',#911,#912,#390,.T.);
#1159=EDGE_CURVE('',#913,#911,#391,.T.);
#1160=EDGE_CURVE('',#912,#914,#392,.T.);
#1161=EDGE_CURVE('',#913,#914,#393,.T.);
#1162=EDGE_CURVE('',#915,#913,#394,.T.);
#1163=EDGE_CURVE('',#914,#916,#395,.T.);
#1164=EDGE_CURVE('',#915,#916,#396,.T.);
#1165=EDGE_CURVE('',#917,#915,#397,.T.);
#1166=EDGE_CURVE('',#916,#918,#398,.T.);
#1167=EDGE_CURVE('',#917,#918,#399,.T.);
#1168=EDGE_CURVE('',#919,#917,#400,.T.);
#1169=EDGE_CURVE('',#918,#920,#401,.T.);
#1170=EDGE_CURVE('',#919,#920,#402,.T.);
#1171=EDGE_CURVE('',#921,#919,#403,.T.);
#1172=EDGE_CURVE('',#920,#922,#404,.T.);
#1173=EDGE_CURVE('',#921,#922,#405,.T.);
#1174=EDGE_CURVE('',#898,#923,#406,.T.);
#1175=EDGE_CURVE('',#923,#924,#407,.T.);
#1176=EDGE_CURVE('',#924,#899,#408,.T.);
#1177=EDGE_CURVE('',#923,#925,#409,.T.);
#1178=EDGE_CURVE('',#925,#926,#410,.T.);
#1179=EDGE_CURVE('',#926,#924,#411,.T.);
#1180=EDGE_CURVE('',#925,#927,#412,.T.);
#1181=EDGE_CURVE('',#927,#928,#413,.T.);
#1182=EDGE_CURVE('',#928,#926,#414,.T.);
#1183=EDGE_CURVE('',#927,#929,#415,.T.);
#1184=EDGE_CURVE('',#929,#930,#416,.T.);
#1185=EDGE_CURVE('',#930,#928,#417,.T.);
#1186=EDGE_CURVE('',#929,#931,#418,.T.);
#1187=EDGE_CURVE('',#931,#932,#419,.T.);
#1188=EDGE_CURVE('',#932,#930,#420,.T.);
#1189=EDGE_CURVE('',#931,#933,#421,.T.);
#1190=EDGE_CURVE('',#933,#934,#422,.T.);
#1191=EDGE_CURVE('',#934,#932,#423,.T.);
#1192=EDGE_CURVE('',#933,#935,#424,.T.);
#1193=EDGE_CURVE('',#935,#936,#425,.T.);
#1194=EDGE_CURVE('',#936,#934,#426,.T.);
#1195=EDGE_CURVE('',#935,#937,#427,.T.);
#1196=EDGE_CURVE('',#937,#938,#428,.T.);
#1197=EDGE_CURVE('',#938,#936,#429,.T.);
#1198=EDGE_CURVE('',#937,#939,#430,.T.);
#1199=EDGE_CURVE('',#939,#940,#431,.T.);
#1200=EDGE_CURVE('',#940,#938,#432,.T.);
#1201=EDGE_CURVE('',#939,#941,#433,.T.);
#1202=EDGE_CURVE('',#941,#942,#434,.T.);
#1203=EDGE_CURVE('',#942,#940,#435,.T.);
#1204=EDGE_CURVE('',#941,#943,#436,.T.);
#1205=EDGE_CURVE('',#943,#944,#437,.T.);
#1206=EDGE_CURVE('',#944,#942,#438,.T.);
#1207=EDGE_CURVE('',#943,#921,#439,.T.);
#1208=EDGE_CURVE('',#922,#944,#440,.T.);
#1209=EDGE_CURVE('',#945,#946,#441,.T.);
#1210=EDGE_CURVE('',#946,#947,#442,.T.);
#1211=EDGE_CURVE('',#947,#948,#443,.T.);
#1212=EDGE_CURVE('',#945,#948,#444,.T.);
#1213=EDGE_CURVE('',#949,#946,#445,.T.);
#1214=EDGE_CURVE('',#949,#950,#446,.T.);
#1215=EDGE_CURVE('',#950,#947,#447,.T.);
#1216=EDGE_CURVE('',#951,#949,#448,.T.);
#1217=EDGE_CURVE('',#951,#952,#449,.T.);
#1218=EDGE_CURVE('',#952,#950,#450,.T.);
#1219=EDGE_CURVE('',#953,#951,#451,.T.);
#1220=EDGE_CURVE('',#953,#954,#452,.T.);
#1221=EDGE_CURVE('',#954,#952,#453,.T.);
#1222=EDGE_CURVE('',#955,#953,#454,.T.);
#1223=EDGE_CURVE('',#955,#956,#455,.T.);
#1224=EDGE_CURVE('',#956,#954,#456,.T.);
#1225=EDGE_CURVE('',#957,#955,#457,.T.);
#1226=EDGE_CURVE('',#957,#958,#458,.T.);
#1227=EDGE_CURVE('',#958,#956,#459,.T.);
#1228=EDGE_CURVE('',#959,#957,#460,.T.);
#1229=EDGE_CURVE('',#959,#960,#461,.T.);
#1230=EDGE_CURVE('',#960,#958,#462,.T.);
#1231=EDGE_CURVE('',#961,#959,#463,.T.);
#1232=EDGE_CURVE('',#961,#962,#464,.T.);
#1233=EDGE_CURVE('',#962,#960,#465,.T.);
#1234=EDGE_CURVE('',#963,#961,#466,.T.);
#1235=EDGE_CURVE('',#963,#964,#467,.T.);
#1236=EDGE_CURVE('',#964,#962,#468,.T.);
#1237=EDGE_CURVE('',#965,#963,#469,.T.);
#1238=EDGE_CURVE('',#965,#966,#470,.T.);
#1239=EDGE_CURVE('',#966,#964,#471,.T.);
#1240=EDGE_CURVE('',#967,#965,#472,.T.);
#1241=EDGE_CURVE('',#967,#968,#473,.T.);
#1242=EDGE_CURVE('',#968,#966,#474,.T.);
#1243=EDGE_CURVE('',#969,#967,#475,.T.);
#1244=EDGE_CURVE('',#969,#970,#476,.T.);
#1245=EDGE_CURVE('',#970,#968,#477,.T.);
#1246=EDGE_CURVE('',#971,#969,#478,.T.);
#1247=EDGE_CURVE('',#971,#972,#479,.T.);
#1248=EDGE_CURVE('',#972,#970,#480,.T.);
#1249=EDGE_CURVE('',#973,#971,#481,.T.);
#1250=EDGE_CURVE('',#973,#974,#482,.T.);
#1251=EDGE_CURVE('',#974,#972,#483,.T.);
#1252=EDGE_CURVE('',#975,#973,#484,.T.);
#1253=EDGE_CURVE('',#975,#976,#485,.T.);
#1254=EDGE_CURVE('',#976,#974,#486,.T.);
#1255=EDGE_CURVE('',#977,#975,#487,.T.);
#1256=EDGE_CURVE('',#977,#978,#488,.T.);
#1257=EDGE_CURVE('',#978,#976,#489,.T.);
#1258=EDGE_CURVE('',#979,#977,#490,.T.);
#1259=EDGE_CURVE('',#979,#980,#491,.T.);
#1260=EDGE_CURVE('',#980,#978,#492,.T.);
#1261=EDGE_CURVE('',#981,#979,#493,.T.);
#1262=EDGE_CURVE('',#981,#982,#494,.T.);
#1263=EDGE_CURVE('',#982,#980,#495,.T.);
#1264=EDGE_CURVE('',#983,#981,#496,.T.);
#1265=EDGE_CURVE('',#983,#984,#497,.T.);
#1266=EDGE_CURVE('',#984,#982,#498,.T.);
#1267=EDGE_CURVE('',#985,#983,#499,.T.);
#1268=EDGE_CURVE('',#985,#986,#500,.T.);
#1269=EDGE_CURVE('',#986,#984,#501,.T.);
#1270=EDGE_CURVE('',#987,#985,#502,.T.);
#1271=EDGE_CURVE('',#987,#988,#503,.T.);
#1272=EDGE_CURVE('',#988,#986,#504,.T.);
#1273=EDGE_CURVE('',#989,#987,#505,.T.);
#1274=EDGE_CURVE('',#989,#990,#506,.T.);
#1275=EDGE_CURVE('',#990,#988,#507,.T.);
#1276=EDGE_CURVE('',#991,#989,#508,.T.);
#1277=EDGE_CURVE('',#991,#992,#509,.T.);
#1278=EDGE_CURVE('',#992,#990,#510,.T.);
#1279=EDGE_CURVE('',#945,#991,#511,.T.);
#1280=EDGE_CURVE('',#948,#992,#512,.T.);
#1281=ORIENTED_EDGE('',*,*,#993,.F.);
#1282=ORIENTED_EDGE('',*,*,#994,.T.);
#1283=ORIENTED_EDGE('',*,*,#995,.F.);
#1284=ORIENTED_EDGE('',*,*,#996,.F.);
#1285=ORIENTED_EDGE('',*,*,#997,.F.);
#1286=ORIENTED_EDGE('',*,*,#998,.T.);
#1287=ORIENTED_EDGE('',*,*,#999,.F.);
#1288=ORIENTED_EDGE('',*,*,#994,.F.);
#1289=ORIENTED_EDGE('',*,*,#1000,.F.);
#1290=ORIENTED_EDGE('',*,*,#1001,.T.);
#1291=ORIENTED_EDGE('',*,*,#1002,.F.);
#1292=ORIENTED_EDGE('',*,*,#998,.F.);
#1293=ORIENTED_EDGE('',*,*,#1003,.F.);
#1294=ORIENTED_EDGE('',*,*,#1004,.T.);
#1295=ORIENTED_EDGE('',*,*,#1005,.F.);
#1296=ORIENTED_EDGE('',*,*,#1001,.F.);
#1297=ORIENTED_EDGE('',*,*,#1006,.F.);
#1298=ORIENTED_EDGE('',*,*,#1007,.T.);
#1299=ORIENTED_EDGE('',*,*,#1008,.F.);
#1300=ORIENTED_EDGE('',*,*,#1004,.F.);
#1301=ORIENTED_EDGE('',*,*,#1009,.F.);
#1302=ORIENTED_EDGE('',*,*,#1010,.T.);
#1303=ORIENTED_EDGE('',*,*,#1011,.F.);
#1304=ORIENTED_EDGE('',*,*,#1007,.F.);
#1305=ORIENTED_EDGE('',*,*,#1012,.F.);
#1306=ORIENTED_EDGE('',*,*,#1013,.T.);
#1307=ORIENTED_EDGE('',*,*,#1014,.F.);
#1308=ORIENTED_EDGE('',*,*,#1010,.F.);
#1309=ORIENTED_EDGE('',*,*,#1015,.F.);
#1310=ORIENTED_EDGE('',*,*,#1016,.T.);
#1311=ORIENTED_EDGE('',*,*,#1017,.F.);
#1312=ORIENTED_EDGE('',*,*,#1013,.F.);
#1313=ORIENTED_EDGE('',*,*,#1018,.F.);
#1314=ORIENTED_EDGE('',*,*,#1019,.T.);
#1315=ORIENTED_EDGE('',*,*,#1020,.F.);
#1316=ORIENTED_EDGE('',*,*,#1016,.F.);
#1317=ORIENTED_EDGE('',*,*,#1021,.F.);
#1318=ORIENTED_EDGE('',*,*,#1022,.T.);
#1319=ORIENTED_EDGE('',*,*,#1023,.F.);
#1320=ORIENTED_EDGE('',*,*,#1019,.F.);
#1321=ORIENTED_EDGE('',*,*,#1024,.F.);
#1322=ORIENTED_EDGE('',*,*,#1025,.T.);
#1323=ORIENTED_EDGE('',*,*,#1026,.F.);
#1324=ORIENTED_EDGE('',*,*,#1022,.F.);
#1325=ORIENTED_EDGE('',*,*,#1027,.F.);
#1326=ORIENTED_EDGE('',*,*,#1028,.T.);
#1327=ORIENTED_EDGE('',*,*,#1029,.F.);
#1328=ORIENTED_EDGE('',*,*,#1025,.F.);
#1329=ORIENTED_EDGE('',*,*,#1030,.F.);
#1330=ORIENTED_EDGE('',*,*,#996,.T.);
#1331=ORIENTED_EDGE('',*,*,#1031,.F.);
#1332=ORIENTED_EDGE('',*,*,#1032,.F.);
#1333=ORIENTED_EDGE('',*,*,#1033,.F.);
#1334=ORIENTED_EDGE('',*,*,#1032,.T.);
#1335=ORIENTED_EDGE('',*,*,#1034,.F.);
#1336=ORIENTED_EDGE('',*,*,#1035,.F.);
#1337=ORIENTED_EDGE('',*,*,#1036,.F.);
#1338=ORIENTED_EDGE('',*,*,#1035,.T.);
#1339=ORIENTED_EDGE('',*,*,#1037,.F.);
#1340=ORIENTED_EDGE('',*,*,#1038,.F.);
#1341=ORIENTED_EDGE('',*,*,#1039,.F.);
#1342=ORIENTED_EDGE('',*,*,#1038,.T.);
#1343=ORIENTED_EDGE('',*,*,#1040,.F.);
#1344=ORIENTED_EDGE('',*,*,#1041,.F.);
#1345=ORIENTED_EDGE('',*,*,#1042,.F.);
#1346=ORIENTED_EDGE('',*,*,#1041,.T.);
#1347=ORIENTED_EDGE('',*,*,#1043,.F.);
#1348=ORIENTED_EDGE('',*,*,#1044,.F.);
#1349=ORIENTED_EDGE('',*,*,#1045,.F.);
#1350=ORIENTED_EDGE('',*,*,#1044,.T.);
#1351=ORIENTED_EDGE('',*,*,#1046,.F.);
#1352=ORIENTED_EDGE('',*,*,#1047,.F.);
#1353=ORIENTED_EDGE('',*,*,#1048,.F.);
#1354=ORIENTED_EDGE('',*,*,#1047,.T.);
#1355=ORIENTED_EDGE('',*,*,#1049,.F.);
#1356=ORIENTED_EDGE('',*,*,#1050,.F.);
#1357=ORIENTED_EDGE('',*,*,#1051,.F.);
#1358=ORIENTED_EDGE('',*,*,#1050,.T.);
#1359=ORIENTED_EDGE('',*,*,#1052,.F.);
#1360=ORIENTED_EDGE('',*,*,#1053,.F.);
#1361=ORIENTED_EDGE('',*,*,#1054,.F.);
#1362=ORIENTED_EDGE('',*,*,#1053,.T.);
#1363=ORIENTED_EDGE('',*,*,#1055,.F.);
#1364=ORIENTED_EDGE('',*,*,#1056,.F.);
#1365=ORIENTED_EDGE('',*,*,#1057,.F.);
#1366=ORIENTED_EDGE('',*,*,#1056,.T.);
#1367=ORIENTED_EDGE('',*,*,#1058,.F.);
#1368=ORIENTED_EDGE('',*,*,#1059,.F.);
#1369=ORIENTED_EDGE('',*,*,#1060,.F.);
#1370=ORIENTED_EDGE('',*,*,#1059,.T.);
#1371=ORIENTED_EDGE('',*,*,#1061,.F.);
#1372=ORIENTED_EDGE('',*,*,#1062,.F.);
#1373=ORIENTED_EDGE('',*,*,#1063,.F.);
#1374=ORIENTED_EDGE('',*,*,#1062,.T.);
#1375=ORIENTED_EDGE('',*,*,#1064,.F.);
#1376=ORIENTED_EDGE('',*,*,#1028,.F.);
#1377=ORIENTED_EDGE('',*,*,#1065,.F.);
#1378=ORIENTED_EDGE('',*,*,#1066,.T.);
#1379=ORIENTED_EDGE('',*,*,#1067,.F.);
#1380=ORIENTED_EDGE('',*,*,#1068,.F.);
#1381=ORIENTED_EDGE('',*,*,#1069,.T.);
#1382=ORIENTED_EDGE('',*,*,#1068,.T.);
#1383=ORIENTED_EDGE('',*,*,#1070,.F.);
#1384=ORIENTED_EDGE('',*,*,#1071,.F.);
#1385=ORIENTED_EDGE('',*,*,#1072,.T.);
#1386=ORIENTED_EDGE('',*,*,#1071,.T.);
#1387=ORIENTED_EDGE('',*,*,#1073,.F.);
#1388=ORIENTED_EDGE('',*,*,#1074,.F.);
#1389=ORIENTED_EDGE('',*,*,#1075,.T.);
#1390=ORIENTED_EDGE('',*,*,#1074,.T.);
#1391=ORIENTED_EDGE('',*,*,#1076,.F.);
#1392=ORIENTED_EDGE('',*,*,#1077,.F.);
#1393=ORIENTED_EDGE('',*,*,#1078,.T.);
#1394=ORIENTED_EDGE('',*,*,#1077,.T.);
#1395=ORIENTED_EDGE('',*,*,#1079,.F.);
#1396=ORIENTED_EDGE('',*,*,#1080,.F.);
#1397=ORIENTED_EDGE('',*,*,#1081,.T.);
#1398=ORIENTED_EDGE('',*,*,#1080,.T.);
#1399=ORIENTED_EDGE('',*,*,#1082,.F.);
#1400=ORIENTED_EDGE('',*,*,#1083,.F.);
#1401=ORIENTED_EDGE('',*,*,#1084,.T.);
#1402=ORIENTED_EDGE('',*,*,#1083,.T.);
#1403=ORIENTED_EDGE('',*,*,#1085,.F.);
#1404=ORIENTED_EDGE('',*,*,#1086,.F.);
#1405=ORIENTED_EDGE('',*,*,#1087,.T.);
#1406=ORIENTED_EDGE('',*,*,#1086,.T.);
#1407=ORIENTED_EDGE('',*,*,#1088,.F.);
#1408=ORIENTED_EDGE('',*,*,#1089,.F.);
#1409=ORIENTED_EDGE('',*,*,#1090,.T.);
#1410=ORIENTED_EDGE('',*,*,#1089,.T.);
#1411=ORIENTED_EDGE('',*,*,#1091,.F.);
#1412=ORIENTED_EDGE('',*,*,#1092,.F.);
#1413=ORIENTED_EDGE('',*,*,#1093,.T.);
#1414=ORIENTED_EDGE('',*,*,#1092,.T.);
#1415=ORIENTED_EDGE('',*,*,#1094,.F.);
#1416=ORIENTED_EDGE('',*,*,#1095,.F.);
#1417=ORIENTED_EDGE('',*,*,#1096,.T.);
#1418=ORIENTED_EDGE('',*,*,#1095,.T.);
#1419=ORIENTED_EDGE('',*,*,#1097,.F.);
#1420=ORIENTED_EDGE('',*,*,#1098,.F.);
#1421=ORIENTED_EDGE('',*,*,#1099,.T.);
#1422=ORIENTED_EDGE('',*,*,#1098,.T.);
#1423=ORIENTED_EDGE('',*,*,#1100,.F.);
#1424=ORIENTED_EDGE('',*,*,#1101,.F.);
#1425=ORIENTED_EDGE('',*,*,#1102,.T.);
#1426=ORIENTED_EDGE('',*,*,#1101,.T.);
#1427=ORIENTED_EDGE('',*,*,#1103,.F.);
#1428=ORIENTED_EDGE('',*,*,#1104,.F.);
#1429=ORIENTED_EDGE('',*,*,#1105,.T.);
#1430=ORIENTED_EDGE('',*,*,#1104,.T.);
#1431=ORIENTED_EDGE('',*,*,#1106,.F.);
#1432=ORIENTED_EDGE('',*,*,#1107,.F.);
#1433=ORIENTED_EDGE('',*,*,#1108,.T.);
#1434=ORIENTED_EDGE('',*,*,#1107,.T.);
#1435=ORIENTED_EDGE('',*,*,#1109,.F.);
#1436=ORIENTED_EDGE('',*,*,#1110,.F.);
#1437=ORIENTED_EDGE('',*,*,#1111,.T.);
#1438=ORIENTED_EDGE('',*,*,#1110,.T.);
#1439=ORIENTED_EDGE('',*,*,#1112,.F.);
#1440=ORIENTED_EDGE('',*,*,#1113,.F.);
#1441=ORIENTED_EDGE('',*,*,#1114,.T.);
#1442=ORIENTED_EDGE('',*,*,#1113,.T.);
#1443=ORIENTED_EDGE('',*,*,#1115,.F.);
#1444=ORIENTED_EDGE('',*,*,#1116,.F.);
#1445=ORIENTED_EDGE('',*,*,#1117,.T.);
#1446=ORIENTED_EDGE('',*,*,#1116,.T.);
#1447=ORIENTED_EDGE('',*,*,#1118,.F.);
#1448=ORIENTED_EDGE('',*,*,#1119,.F.);
#1449=ORIENTED_EDGE('',*,*,#1120,.T.);
#1450=ORIENTED_EDGE('',*,*,#1119,.T.);
#1451=ORIENTED_EDGE('',*,*,#1121,.F.);
#1452=ORIENTED_EDGE('',*,*,#1122,.F.);
#1453=ORIENTED_EDGE('',*,*,#1123,.T.);
#1454=ORIENTED_EDGE('',*,*,#1122,.T.);
#1455=ORIENTED_EDGE('',*,*,#1124,.F.);
#1456=ORIENTED_EDGE('',*,*,#1125,.F.);
#1457=ORIENTED_EDGE('',*,*,#1126,.T.);
#1458=ORIENTED_EDGE('',*,*,#1125,.T.);
#1459=ORIENTED_EDGE('',*,*,#1127,.F.);
#1460=ORIENTED_EDGE('',*,*,#1128,.F.);
#1461=ORIENTED_EDGE('',*,*,#1129,.T.);
#1462=ORIENTED_EDGE('',*,*,#1128,.T.);
#1463=ORIENTED_EDGE('',*,*,#1130,.F.);
#1464=ORIENTED_EDGE('',*,*,#1131,.F.);
#1465=ORIENTED_EDGE('',*,*,#1132,.T.);
#1466=ORIENTED_EDGE('',*,*,#1131,.T.);
#1467=ORIENTED_EDGE('',*,*,#1133,.F.);
#1468=ORIENTED_EDGE('',*,*,#1134,.F.);
#1469=ORIENTED_EDGE('',*,*,#1135,.T.);
#1470=ORIENTED_EDGE('',*,*,#1134,.T.);
#1471=ORIENTED_EDGE('',*,*,#1136,.F.);
#1472=ORIENTED_EDGE('',*,*,#1066,.F.);
#1473=ORIENTED_EDGE('',*,*,#1136,.T.);
#1474=ORIENTED_EDGE('',*,*,#1133,.T.);
#1475=ORIENTED_EDGE('',*,*,#1130,.T.);
#1476=ORIENTED_EDGE('',*,*,#1127,.T.);
#1477=ORIENTED_EDGE('',*,*,#1124,.T.);
#1478=ORIENTED_EDGE('',*,*,#1121,.T.);
#1479=ORIENTED_EDGE('',*,*,#1118,.T.);
#1480=ORIENTED_EDGE('',*,*,#1115,.T.);
#1481=ORIENTED_EDGE('',*,*,#1112,.T.);
#1482=ORIENTED_EDGE('',*,*,#1109,.T.);
#1483=ORIENTED_EDGE('',*,*,#1106,.T.);
#1484=ORIENTED_EDGE('',*,*,#1103,.T.);
#1485=ORIENTED_EDGE('',*,*,#1100,.T.);
#1486=ORIENTED_EDGE('',*,*,#1097,.T.);
#1487=ORIENTED_EDGE('',*,*,#1094,.T.);
#1488=ORIENTED_EDGE('',*,*,#1091,.T.);
#1489=ORIENTED_EDGE('',*,*,#1088,.T.);
#1490=ORIENTED_EDGE('',*,*,#1085,.T.);
#1491=ORIENTED_EDGE('',*,*,#1082,.T.);
#1492=ORIENTED_EDGE('',*,*,#1079,.T.);
#1493=ORIENTED_EDGE('',*,*,#1076,.T.);
#1494=ORIENTED_EDGE('',*,*,#1073,.T.);
#1495=ORIENTED_EDGE('',*,*,#1070,.T.);
#1496=ORIENTED_EDGE('',*,*,#1067,.T.);
#1497=ORIENTED_EDGE('',*,*,#1029,.T.);
#1498=ORIENTED_EDGE('',*,*,#1064,.T.);
#1499=ORIENTED_EDGE('',*,*,#1061,.T.);
#1500=ORIENTED_EDGE('',*,*,#1058,.T.);
#1501=ORIENTED_EDGE('',*,*,#1055,.T.);
#1502=ORIENTED_EDGE('',*,*,#1052,.T.);
#1503=ORIENTED_EDGE('',*,*,#1049,.T.);
#1504=ORIENTED_EDGE('',*,*,#1046,.T.);
#1505=ORIENTED_EDGE('',*,*,#1043,.T.);
#1506=ORIENTED_EDGE('',*,*,#1040,.T.);
#1507=ORIENTED_EDGE('',*,*,#1037,.T.);
#1508=ORIENTED_EDGE('',*,*,#1034,.T.);
#1509=ORIENTED_EDGE('',*,*,#1031,.T.);
#1510=ORIENTED_EDGE('',*,*,#995,.T.);
#1511=ORIENTED_EDGE('',*,*,#999,.T.);
#1512=ORIENTED_EDGE('',*,*,#1002,.T.);
#1513=ORIENTED_EDGE('',*,*,#1005,.T.);
#1514=ORIENTED_EDGE('',*,*,#1008,.T.);
#1515=ORIENTED_EDGE('',*,*,#1011,.T.);
#1516=ORIENTED_EDGE('',*,*,#1014,.T.);
#1517=ORIENTED_EDGE('',*,*,#1017,.T.);
#1518=ORIENTED_EDGE('',*,*,#1020,.T.);
#1519=ORIENTED_EDGE('',*,*,#1023,.T.);
#1520=ORIENTED_EDGE('',*,*,#1026,.T.);
#1521=ORIENTED_EDGE('',*,*,#1027,.T.);
#1522=ORIENTED_EDGE('',*,*,#1024,.T.);
#1523=ORIENTED_EDGE('',*,*,#1021,.T.);
#1524=ORIENTED_EDGE('',*,*,#1018,.T.);
#1525=ORIENTED_EDGE('',*,*,#1015,.T.);
#1526=ORIENTED_EDGE('',*,*,#1012,.T.);
#1527=ORIENTED_EDGE('',*,*,#1009,.T.);
#1528=ORIENTED_EDGE('',*,*,#1006,.T.);
#1529=ORIENTED_EDGE('',*,*,#1003,.T.);
#1530=ORIENTED_EDGE('',*,*,#1000,.T.);
#1531=ORIENTED_EDGE('',*,*,#997,.T.);
#1532=ORIENTED_EDGE('',*,*,#993,.T.);
#1533=ORIENTED_EDGE('',*,*,#1030,.T.);
#1534=ORIENTED_EDGE('',*,*,#1033,.T.);
#1535=ORIENTED_EDGE('',*,*,#1036,.T.);
#1536=ORIENTED_EDGE('',*,*,#1039,.T.);
#1537=ORIENTED_EDGE('',*,*,#1042,.T.);
#1538=ORIENTED_EDGE('',*,*,#1045,.T.);
#1539=ORIENTED_EDGE('',*,*,#1048,.T.);
#1540=ORIENTED_EDGE('',*,*,#1051,.T.);
#1541=ORIENTED_EDGE('',*,*,#1054,.T.);
#1542=ORIENTED_EDGE('',*,*,#1057,.T.);
#1543=ORIENTED_EDGE('',*,*,#1060,.T.);
#1544=ORIENTED_EDGE('',*,*,#1063,.T.);
#1545=ORIENTED_EDGE('',*,*,#1135,.F.);
#1546=ORIENTED_EDGE('',*,*,#1065,.T.);
#1547=ORIENTED_EDGE('',*,*,#1069,.F.);
#1548=ORIENTED_EDGE('',*,*,#1072,.F.);
#1549=ORIENTED_EDGE('',*,*,#1075,.F.);
#1550=ORIENTED_EDGE('',*,*,#1078,.F.);
#1551=ORIENTED_EDGE('',*,*,#1081,.F.);
#1552=ORIENTED_EDGE('',*,*,#1084,.F.);
#1553=ORIENTED_EDGE('',*,*,#1087,.F.);
#1554=ORIENTED_EDGE('',*,*,#1090,.F.);
#1555=ORIENTED_EDGE('',*,*,#1093,.F.);
#1556=ORIENTED_EDGE('',*,*,#1096,.F.);
#1557=ORIENTED_EDGE('',*,*,#1099,.F.);
#1558=ORIENTED_EDGE('',*,*,#1102,.F.);
#1559=ORIENTED_EDGE('',*,*,#1105,.F.);
#1560=ORIENTED_EDGE('',*,*,#1108,.F.);
#1561=ORIENTED_EDGE('',*,*,#1111,.F.);
#1562=ORIENTED_EDGE('',*,*,#1114,.F.);
#1563=ORIENTED_EDGE('',*,*,#1117,.F.);
#1564=ORIENTED_EDGE('',*,*,#1120,.F.);
#1565=ORIENTED_EDGE('',*,*,#1123,.F.);
#1566=ORIENTED_EDGE('',*,*,#1126,.F.);
#1567=ORIENTED_EDGE('',*,*,#1129,.F.);
#1568=ORIENTED_EDGE('',*,*,#1132,.F.);
#1569=ORIENTED_EDGE('',*,*,#1137,.T.);
#1570=ORIENTED_EDGE('',*,*,#1138,.T.);
#1571=ORIENTED_EDGE('',*,*,#1139,.T.);
#1572=ORIENTED_EDGE('',*,*,#1140,.F.);
#1573=ORIENTED_EDGE('',*,*,#1141,.T.);
#1574=ORIENTED_EDGE('',*,*,#1140,.T.);
#1575=ORIENTED_EDGE('',*,*,#1142,.T.);
#1576=ORIENTED_EDGE('',*,*,#1143,.F.);
#1577=ORIENTED_EDGE('',*,*,#1144,.T.);
#1578=ORIENTED_EDGE('',*,*,#1143,.T.);
#1579=ORIENTED_EDGE('',*,*,#1145,.T.);
#1580=ORIENTED_EDGE('',*,*,#1146,.F.);
#1581=ORIENTED_EDGE('',*,*,#1147,.T.);
#1582=ORIENTED_EDGE('',*,*,#1146,.T.);
#1583=ORIENTED_EDGE('',*,*,#1148,.T.);
#1584=ORIENTED_EDGE('',*,*,#1149,.F.);
#1585=ORIENTED_EDGE('',*,*,#1150,.T.);
#1586=ORIENTED_EDGE('',*,*,#1149,.T.);
#1587=ORIENTED_EDGE('',*,*,#1151,.T.);
#1588=ORIENTED_EDGE('',*,*,#1152,.F.);
#1589=ORIENTED_EDGE('',*,*,#1153,.T.);
#1590=ORIENTED_EDGE('',*,*,#1152,.T.);
#1591=ORIENTED_EDGE('',*,*,#1154,.T.);
#1592=ORIENTED_EDGE('',*,*,#1155,.F.);
#1593=ORIENTED_EDGE('',*,*,#1156,.T.);
#1594=ORIENTED_EDGE('',*,*,#1155,.T.);
#1595=ORIENTED_EDGE('',*,*,#1157,.T.);
#1596=ORIENTED_EDGE('',*,*,#1158,.F.);
#1597=ORIENTED_EDGE('',*,*,#1159,.T.);
#1598=ORIENTED_EDGE('',*,*,#1158,.T.);
#1599=ORIENTED_EDGE('',*,*,#1160,.T.);
#1600=ORIENTED_EDGE('',*,*,#1161,.F.);
#1601=ORIENTED_EDGE('',*,*,#1162,.T.);
#1602=ORIENTED_EDGE('',*,*,#1161,.T.);
#1603=ORIENTED_EDGE('',*,*,#1163,.T.);
#1604=ORIENTED_EDGE('',*,*,#1164,.F.);
#1605=ORIENTED_EDGE('',*,*,#1165,.T.);
#1606=ORIENTED_EDGE('',*,*,#1164,.T.);
#1607=ORIENTED_EDGE('',*,*,#1166,.T.);
#1608=ORIENTED_EDGE('',*,*,#1167,.F.);
#1609=ORIENTED_EDGE('',*,*,#1168,.T.);
#1610=ORIENTED_EDGE('',*,*,#1167,.T.);
#1611=ORIENTED_EDGE('',*,*,#1169,.T.);
#1612=ORIENTED_EDGE('',*,*,#1170,.F.);
#1613=ORIENTED_EDGE('',*,*,#1171,.T.);
#1614=ORIENTED_EDGE('',*,*,#1170,.T.);
#1615=ORIENTED_EDGE('',*,*,#1172,.T.);
#1616=ORIENTED_EDGE('',*,*,#1173,.F.);
#1617=ORIENTED_EDGE('',*,*,#1174,.T.);
#1618=ORIENTED_EDGE('',*,*,#1175,.T.);
#1619=ORIENTED_EDGE('',*,*,#1176,.T.);
#1620=ORIENTED_EDGE('',*,*,#1138,.F.);
#1621=ORIENTED_EDGE('',*,*,#1177,.T.);
#1622=ORIENTED_EDGE('',*,*,#1178,.T.);
#1623=ORIENTED_EDGE('',*,*,#1179,.T.);
#1624=ORIENTED_EDGE('',*,*,#1175,.F.);
#1625=ORIENTED_EDGE('',*,*,#1180,.T.);
#1626=ORIENTED_EDGE('',*,*,#1181,.T.);
#1627=ORIENTED_EDGE('',*,*,#1182,.T.);
#1628=ORIENTED_EDGE('',*,*,#1178,.F.);
#1629=ORIENTED_EDGE('',*,*,#1183,.T.);
#1630=ORIENTED_EDGE('',*,*,#1184,.T.);
#1631=ORIENTED_EDGE('',*,*,#1185,.T.);
#1632=ORIENTED_EDGE('',*,*,#1181,.F.);
#1633=ORIENTED_EDGE('',*,*,#1186,.T.);
#1634=ORIENTED_EDGE('',*,*,#1187,.T.);
#1635=ORIENTED_EDGE('',*,*,#1188,.T.);
#1636=ORIENTED_EDGE('',*,*,#1184,.F.);
#1637=ORIENTED_EDGE('',*,*,#1189,.T.);
#1638=ORIENTED_EDGE('',*,*,#1190,.T.);
#1639=ORIENTED_EDGE('',*,*,#1191,.T.);
#1640=ORIENTED_EDGE('',*,*,#1187,.F.);
#1641=ORIENTED_EDGE('',*,*,#1192,.T.);
#1642=ORIENTED_EDGE('',*,*,#1193,.T.);
#1643=ORIENTED_EDGE('',*,*,#1194,.T.);
#1644=ORIENTED_EDGE('',*,*,#1190,.F.);
#1645=ORIENTED_EDGE('',*,*,#1195,.T.);
#1646=ORIENTED_EDGE('',*,*,#1196,.T.);
#1647=ORIENTED_EDGE('',*,*,#1197,.T.);
#1648=ORIENTED_EDGE('',*,*,#1193,.F.);
#1649=ORIENTED_EDGE('',*,*,#1198,.T.);
#1650=ORIENTED_EDGE('',*,*,#1199,.T.);
#1651=ORIENTED_EDGE('',*,*,#1200,.T.);
#1652=ORIENTED_EDGE('',*,*,#1196,.F.);
#1653=ORIENTED_EDGE('',*,*,#1201,.T.);
#1654=ORIENTED_EDGE('',*,*,#1202,.T.);
#1655=ORIENTED_EDGE('',*,*,#1203,.T.);
#1656=ORIENTED_EDGE('',*,*,#1199,.F.);
#1657=ORIENTED_EDGE('',*,*,#1204,.T.);
#1658=ORIENTED_EDGE('',*,*,#1205,.T.);
#1659=ORIENTED_EDGE('',*,*,#1206,.T.);
#1660=ORIENTED_EDGE('',*,*,#1202,.F.);
#1661=ORIENTED_EDGE('',*,*,#1207,.T.);
#1662=ORIENTED_EDGE('',*,*,#1173,.T.);
#1663=ORIENTED_EDGE('',*,*,#1208,.T.);
#1664=ORIENTED_EDGE('',*,*,#1205,.F.);
#1665=ORIENTED_EDGE('',*,*,#1209,.T.);
#1666=ORIENTED_EDGE('',*,*,#1210,.T.);
#1667=ORIENTED_EDGE('',*,*,#1211,.T.);
#1668=ORIENTED_EDGE('',*,*,#1212,.F.);
#1669=ORIENTED_EDGE('',*,*,#1213,.F.);
#1670=ORIENTED_EDGE('',*,*,#1214,.T.);
#1671=ORIENTED_EDGE('',*,*,#1215,.T.);
#1672=ORIENTED_EDGE('',*,*,#1210,.F.);
#1673=ORIENTED_EDGE('',*,*,#1216,.F.);
#1674=ORIENTED_EDGE('',*,*,#1217,.T.);
#1675=ORIENTED_EDGE('',*,*,#1218,.T.);
#1676=ORIENTED_EDGE('',*,*,#1214,.F.);
#1677=ORIENTED_EDGE('',*,*,#1219,.F.);
#1678=ORIENTED_EDGE('',*,*,#1220,.T.);
#1679=ORIENTED_EDGE('',*,*,#1221,.T.);
#1680=ORIENTED_EDGE('',*,*,#1217,.F.);
#1681=ORIENTED_EDGE('',*,*,#1222,.F.);
#1682=ORIENTED_EDGE('',*,*,#1223,.T.);
#1683=ORIENTED_EDGE('',*,*,#1224,.T.);
#1684=ORIENTED_EDGE('',*,*,#1220,.F.);
#1685=ORIENTED_EDGE('',*,*,#1225,.F.);
#1686=ORIENTED_EDGE('',*,*,#1226,.T.);
#1687=ORIENTED_EDGE('',*,*,#1227,.T.);
#1688=ORIENTED_EDGE('',*,*,#1223,.F.);
#1689=ORIENTED_EDGE('',*,*,#1228,.F.);
#1690=ORIENTED_EDGE('',*,*,#1229,.T.);
#1691=ORIENTED_EDGE('',*,*,#1230,.T.);
#1692=ORIENTED_EDGE('',*,*,#1226,.F.);
#1693=ORIENTED_EDGE('',*,*,#1231,.F.);
#1694=ORIENTED_EDGE('',*,*,#1232,.T.);
#1695=ORIENTED_EDGE('',*,*,#1233,.T.);
#1696=ORIENTED_EDGE('',*,*,#1229,.F.);
#1697=ORIENTED_EDGE('',*,*,#1234,.F.);
#1698=ORIENTED_EDGE('',*,*,#1235,.T.);
#1699=ORIENTED_EDGE('',*,*,#1236,.T.);
#1700=ORIENTED_EDGE('',*,*,#1232,.F.);
#1701=ORIENTED_EDGE('',*,*,#1237,.F.);
#1702=ORIENTED_EDGE('',*,*,#1238,.T.);
#1703=ORIENTED_EDGE('',*,*,#1239,.T.);
#1704=ORIENTED_EDGE('',*,*,#1235,.F.);
#1705=ORIENTED_EDGE('',*,*,#1240,.F.);
#1706=ORIENTED_EDGE('',*,*,#1241,.T.);
#1707=ORIENTED_EDGE('',*,*,#1242,.T.);
#1708=ORIENTED_EDGE('',*,*,#1238,.F.);
#1709=ORIENTED_EDGE('',*,*,#1243,.F.);
#1710=ORIENTED_EDGE('',*,*,#1244,.T.);
#1711=ORIENTED_EDGE('',*,*,#1245,.T.);
#1712=ORIENTED_EDGE('',*,*,#1241,.F.);
#1713=ORIENTED_EDGE('',*,*,#1246,.F.);
#1714=ORIENTED_EDGE('',*,*,#1247,.T.);
#1715=ORIENTED_EDGE('',*,*,#1248,.T.);
#1716=ORIENTED_EDGE('',*,*,#1244,.F.);
#1717=ORIENTED_EDGE('',*,*,#1249,.F.);
#1718=ORIENTED_EDGE('',*,*,#1250,.T.);
#1719=ORIENTED_EDGE('',*,*,#1251,.T.);
#1720=ORIENTED_EDGE('',*,*,#1247,.F.);
#1721=ORIENTED_EDGE('',*,*,#1252,.F.);
#1722=ORIENTED_EDGE('',*,*,#1253,.T.);
#1723=ORIENTED_EDGE('',*,*,#1254,.T.);
#1724=ORIENTED_EDGE('',*,*,#1250,.F.);
#1725=ORIENTED_EDGE('',*,*,#1255,.F.);
#1726=ORIENTED_EDGE('',*,*,#1256,.T.);
#1727=ORIENTED_EDGE('',*,*,#1257,.T.);
#1728=ORIENTED_EDGE('',*,*,#1253,.F.);
#1729=ORIENTED_EDGE('',*,*,#1258,.F.);
#1730=ORIENTED_EDGE('',*,*,#1259,.T.);
#1731=ORIENTED_EDGE('',*,*,#1260,.T.);
#1732=ORIENTED_EDGE('',*,*,#1256,.F.);
#1733=ORIENTED_EDGE('',*,*,#1261,.F.);
#1734=ORIENTED_EDGE('',*,*,#1262,.T.);
#1735=ORIENTED_EDGE('',*,*,#1263,.T.);
#1736=ORIENTED_EDGE('',*,*,#1259,.F.);
#1737=ORIENTED_EDGE('',*,*,#1264,.F.);
#1738=ORIENTED_EDGE('',*,*,#1265,.T.);
#1739=ORIENTED_EDGE('',*,*,#1266,.T.);
#1740=ORIENTED_EDGE('',*,*,#1262,.F.);
#1741=ORIENTED_EDGE('',*,*,#1267,.F.);
#1742=ORIENTED_EDGE('',*,*,#1268,.T.);
#1743=ORIENTED_EDGE('',*,*,#1269,.T.);
#1744=ORIENTED_EDGE('',*,*,#1265,.F.);
#1745=ORIENTED_EDGE('',*,*,#1270,.F.);
#1746=ORIENTED_EDGE('',*,*,#1271,.T.);
#1747=ORIENTED_EDGE('',*,*,#1272,.T.);
#1748=ORIENTED_EDGE('',*,*,#1268,.F.);
#1749=ORIENTED_EDGE('',*,*,#1273,.F.);
#1750=ORIENTED_EDGE('',*,*,#1274,.T.);
#1751=ORIENTED_EDGE('',*,*,#1275,.T.);
#1752=ORIENTED_EDGE('',*,*,#1271,.F.);
#1753=ORIENTED_EDGE('',*,*,#1276,.F.);
#1754=ORIENTED_EDGE('',*,*,#1277,.T.);
#1755=ORIENTED_EDGE('',*,*,#1278,.T.);
#1756=ORIENTED_EDGE('',*,*,#1274,.F.);
#1757=ORIENTED_EDGE('',*,*,#1279,.F.);
#1758=ORIENTED_EDGE('',*,*,#1212,.T.);
#1759=ORIENTED_EDGE('',*,*,#1280,.T.);
#1760=ORIENTED_EDGE('',*,*,#1277,.F.);
#1761=ORIENTED_EDGE('',*,*,#1280,.F.);
#1762=ORIENTED_EDGE('',*,*,#1211,.F.);
#1763=ORIENTED_EDGE('',*,*,#1215,.F.);
#1764=ORIENTED_EDGE('',*,*,#1218,.F.);
#1765=ORIENTED_EDGE('',*,*,#1221,.F.);
#1766=ORIENTED_EDGE('',*,*,#1224,.F.);
#1767=ORIENTED_EDGE('',*,*,#1227,.F.);
#1768=ORIENTED_EDGE('',*,*,#1230,.F.);
#1769=ORIENTED_EDGE('',*,*,#1233,.F.);
#1770=ORIENTED_EDGE('',*,*,#1236,.F.);
#1771=ORIENTED_EDGE('',*,*,#1239,.F.);
#1772=ORIENTED_EDGE('',*,*,#1242,.F.);
#1773=ORIENTED_EDGE('',*,*,#1245,.F.);
#1774=ORIENTED_EDGE('',*,*,#1248,.F.);
#1775=ORIENTED_EDGE('',*,*,#1251,.F.);
#1776=ORIENTED_EDGE('',*,*,#1254,.F.);
#1777=ORIENTED_EDGE('',*,*,#1257,.F.);
#1778=ORIENTED_EDGE('',*,*,#1260,.F.);
#1779=ORIENTED_EDGE('',*,*,#1263,.F.);
#1780=ORIENTED_EDGE('',*,*,#1266,.F.);
#1781=ORIENTED_EDGE('',*,*,#1269,.F.);
#1782=ORIENTED_EDGE('',*,*,#1272,.F.);
#1783=ORIENTED_EDGE('',*,*,#1275,.F.);
#1784=ORIENTED_EDGE('',*,*,#1278,.F.);
#1785=ORIENTED_EDGE('',*,*,#1172,.F.);
#1786=ORIENTED_EDGE('',*,*,#1169,.F.);
#1787=ORIENTED_EDGE('',*,*,#1166,.F.);
#1788=ORIENTED_EDGE('',*,*,#1163,.F.);
#1789=ORIENTED_EDGE('',*,*,#1160,.F.);
#1790=ORIENTED_EDGE('',*,*,#1157,.F.);
#1791=ORIENTED_EDGE('',*,*,#1154,.F.);
#1792=ORIENTED_EDGE('',*,*,#1151,.F.);
#1793=ORIENTED_EDGE('',*,*,#1148,.F.);
#1794=ORIENTED_EDGE('',*,*,#1145,.F.);
#1795=ORIENTED_EDGE('',*,*,#1142,.F.);
#1796=ORIENTED_EDGE('',*,*,#1139,.F.);
#1797=ORIENTED_EDGE('',*,*,#1176,.F.);
#1798=ORIENTED_EDGE('',*,*,#1179,.F.);
#1799=ORIENTED_EDGE('',*,*,#1182,.F.);
#1800=ORIENTED_EDGE('',*,*,#1185,.F.);
#1801=ORIENTED_EDGE('',*,*,#1188,.F.);
#1802=ORIENTED_EDGE('',*,*,#1191,.F.);
#1803=ORIENTED_EDGE('',*,*,#1194,.F.);
#1804=ORIENTED_EDGE('',*,*,#1197,.F.);
#1805=ORIENTED_EDGE('',*,*,#1200,.F.);
#1806=ORIENTED_EDGE('',*,*,#1203,.F.);
#1807=ORIENTED_EDGE('',*,*,#1206,.F.);
#1808=ORIENTED_EDGE('',*,*,#1208,.F.);
#1809=ORIENTED_EDGE('',*,*,#1171,.F.);
#1810=ORIENTED_EDGE('',*,*,#1207,.F.);
#1811=ORIENTED_EDGE('',*,*,#1204,.F.);
#1812=ORIENTED_EDGE('',*,*,#1201,.F.);
#1813=ORIENTED_EDGE('',*,*,#1198,.F.);
#1814=ORIENTED_EDGE('',*,*,#1195,.F.);
#1815=ORIENTED_EDGE('',*,*,#1192,.F.);
#1816=ORIENTED_EDGE('',*,*,#1189,.F.);
#1817=ORIENTED_EDGE('',*,*,#1186,.F.);
#1818=ORIENTED_EDGE('',*,*,#1183,.F.);
#1819=ORIENTED_EDGE('',*,*,#1180,.F.);
#1820=ORIENTED_EDGE('',*,*,#1177,.F.);
#1821=ORIENTED_EDGE('',*,*,#1174,.F.);
#1822=ORIENTED_EDGE('',*,*,#1137,.F.);
#1823=ORIENTED_EDGE('',*,*,#1141,.F.);
#1824=ORIENTED_EDGE('',*,*,#1144,.F.);
#1825=ORIENTED_EDGE('',*,*,#1147,.F.);
#1826=ORIENTED_EDGE('',*,*,#1150,.F.);
#1827=ORIENTED_EDGE('',*,*,#1153,.F.);
#1828=ORIENTED_EDGE('',*,*,#1156,.F.);
#1829=ORIENTED_EDGE('',*,*,#1159,.F.);
#1830=ORIENTED_EDGE('',*,*,#1162,.F.);
#1831=ORIENTED_EDGE('',*,*,#1165,.F.);
#1832=ORIENTED_EDGE('',*,*,#1168,.F.);
#1833=ORIENTED_EDGE('',*,*,#1279,.T.);
#1834=ORIENTED_EDGE('',*,*,#1276,.T.);
#1835=ORIENTED_EDGE('',*,*,#1273,.T.);
#1836=ORIENTED_EDGE('',*,*,#1270,.T.);
#1837=ORIENTED_EDGE('',*,*,#1267,.T.);
#1838=ORIENTED_EDGE('',*,*,#1264,.T.);
#1839=ORIENTED_EDGE('',*,*,#1261,.T.);
#1840=ORIENTED_EDGE('',*,*,#1258,.T.);
#1841=ORIENTED_EDGE('',*,*,#1255,.T.);
#1842=ORIENTED_EDGE('',*,*,#1252,.T.);
#1843=ORIENTED_EDGE('',*,*,#1249,.T.);
#1844=ORIENTED_EDGE('',*,*,#1246,.T.);
#1845=ORIENTED_EDGE('',*,*,#1243,.T.);
#1846=ORIENTED_EDGE('',*,*,#1240,.T.);
#1847=ORIENTED_EDGE('',*,*,#1237,.T.);
#1848=ORIENTED_EDGE('',*,*,#1234,.T.);
#1849=ORIENTED_EDGE('',*,*,#1231,.T.);
#1850=ORIENTED_EDGE('',*,*,#1228,.T.);
#1851=ORIENTED_EDGE('',*,*,#1225,.T.);
#1852=ORIENTED_EDGE('',*,*,#1222,.T.);
#1853=ORIENTED_EDGE('',*,*,#1219,.T.);
#1854=ORIENTED_EDGE('',*,*,#1216,.T.);
#1855=ORIENTED_EDGE('',*,*,#1213,.T.);
#1856=ORIENTED_EDGE('',*,*,#1209,.F.);
#1857=PLANE('',#2076);
#1858=PLANE('',#2077);
#1859=PLANE('',#2078);
#1860=PLANE('',#2079);
#1861=PLANE('',#2080);
#1862=PLANE('',#2081);
#1863=PLANE('',#2082);
#1864=PLANE('',#2083);
#1865=PLANE('',#2084);
#1866=PLANE('',#2085);
#1867=PLANE('',#2086);
#1868=PLANE('',#2087);
#1869=PLANE('',#2088);
#1870=PLANE('',#2089);
#1871=PLANE('',#2090);
#1872=PLANE('',#2091);
#1873=PLANE('',#2092);
#1874=PLANE('',#2093);
#1875=PLANE('',#2094);
#1876=PLANE('',#2095);
#1877=PLANE('',#2096);
#1878=PLANE('',#2097);
#1879=PLANE('',#2098);
#1880=PLANE('',#2099);
#1881=PLANE('',#2100);
#1882=PLANE('',#2101);
#1883=PLANE('',#2102);
#1884=PLANE('',#2103);
#1885=PLANE('',#2104);
#1886=PLANE('',#2105);
#1887=PLANE('',#2106);
#1888=PLANE('',#2107);
#1889=PLANE('',#2108);
#1890=PLANE('',#2109);
#1891=PLANE('',#2110);
#1892=PLANE('',#2111);
#1893=PLANE('',#2112);
#1894=PLANE('',#2113);
#1895=PLANE('',#2114);
#1896=PLANE('',#2115);
#1897=PLANE('',#2116);
#1898=PLANE('',#2117);
#1899=PLANE('',#2118);
#1900=PLANE('',#2119);
#1901=PLANE('',#2120);
#1902=PLANE('',#2121);
#1903=PLANE('',#2122);
#1904=PLANE('',#2123);
#1905=PLANE('',#2124);
#1906=PLANE('',#2125);
#1907=PLANE('',#2126);
#1908=PLANE('',#2127);
#1909=PLANE('',#2128);
#1910=PLANE('',#2129);
#1911=PLANE('',#2130);
#1912=PLANE('',#2131);
#1913=PLANE('',#2132);
#1914=PLANE('',#2133);
#1915=PLANE('',#2134);
#1916=PLANE('',#2135);
#1917=PLANE('',#2136);
#1918=PLANE('',#2137);
#1919=PLANE('',#2138);
#1920=PLANE('',#2139);
#1921=PLANE('',#2140);
#1922=PLANE('',#2141);
#1923=PLANE('',#2142);
#1924=PLANE('',#2143);
#1925=PLANE('',#2144);
#1926=PLANE('',#2145);
#1927=PLANE('',#2146);
#1928=PLANE('',#2147);
#1929=PLANE('',#2148);
#1930=PLANE('',#2149);
#1931=PLANE('',#2150);
#1932=PLANE('',#2151);
#1933=PLANE('',#2152);
#1934=PLANE('',#2153);
#1935=PLANE('',#2154);
#1936=PLANE('',#2155);
#1937=PLANE('',#2156);
#1938=PLANE('',#2157);
#1939=PLANE('',#2158);
#1940=PLANE('',#2159);
#1941=PLANE('',#2160);
#1942=PLANE('',#2161);
#1943=PLANE('',#2162);
#1944=PLANE('',#2163);
#1945=PLANE('',#2164);
#1946=PLANE('',#2165);
#1947=PLANE('',#2166);
#1948=PLANE('',#2167);
#1949=PLANE('',#2168);
#1950=PLANE('',#2169);
#1951=PLANE('',#2170);
#1952=PLANE('',#2171);
#1953=PLANE('',#2172);
#1954=PLANE('',#2173);
#1955=PLANE('',#2174);
#1956=PLANE('',#2175);
#1957=PLANE('',#2176);
#1958=PLANE('',#2177);
#1959=ADVANCED_FACE('',(#19),#1857,.T.);
#1960=ADVANCED_FACE('',(#20),#1858,.T.);
#1961=ADVANCED_FACE('',(#21),#1859,.T.);
#1962=ADVANCED_FACE('',(#22),#1860,.T.);
#1963=ADVANCED_FACE('',(#23),#1861,.T.);
#1964=ADVANCED_FACE('',(#24),#1862,.T.);
#1965=ADVANCED_FACE('',(#25),#1863,.T.);
#1966=ADVANCED_FACE('',(#26),#1864,.T.);
#1967=ADVANCED_FACE('',(#27),#1865,.T.);
#1968=ADVANCED_FACE('',(#28),#1866,.T.);
#1969=ADVANCED_FACE('',(#29),#1867,.T.);
#1970=ADVANCED_FACE('',(#30),#1868,.T.);
#1971=ADVANCED_FACE('',(#31),#1869,.T.);
#1972=ADVANCED_FACE('',(#32),#1870,.T.);
#1973=ADVANCED_FACE('',(#33),#1871,.T.);
#1974=ADVANCED_FACE('',(#34),#1872,.T.);
#1975=ADVANCED_FACE('',(#35),#1873,.T.);
#1976=ADVANCED_FACE('',(#36),#1874,.T.);
#1977=ADVANCED_FACE('',(#37),#1875,.T.);
#1978=ADVANCED_FACE('',(#38),#1876,.T.);
#1979=ADVANCED_FACE('',(#39),#1877,.T.);
#1980=ADVANCED_FACE('',(#40),#1878,.T.);
#1981=ADVANCED_FACE('',(#41),#1879,.T.);
#1982=ADVANCED_FACE('',(#42),#1880,.T.);
#1983=ADVANCED_FACE('',(#43),#1881,.T.);
#1984=ADVANCED_FACE('',(#44),#1882,.T.);
#1985=ADVANCED_FACE('',(#45),#1883,.T.);
#1986=ADVANCED_FACE('',(#46),#1884,.T.);
#1987=ADVANCED_FACE('',(#47),#1885,.T.);
#1988=ADVANCED_FACE('',(#48),#1886,.T.);
#1989=ADVANCED_FACE('',(#49),#1887,.T.);
#1990=ADVANCED_FACE('',(#50),#1888,.T.);
#1991=ADVANCED_FACE('',(#51),#1889,.T.);
#1992=ADVANCED_FACE('',(#52),#1890,.T.);
#1993=ADVANCED_FACE('',(#53),#1891,.T.);
#1994=ADVANCED_FACE('',(#54),#1892,.T.);
#1995=ADVANCED_FACE('',(#55),#1893,.T.);
#1996=ADVANCED_FACE('',(#56),#1894,.T.);
#1997=ADVANCED_FACE('',(#57),#1895,.T.);
#1998=ADVANCED_FACE('',(#58),#1896,.T.);
#1999=ADVANCED_FACE('',(#59),#1897,.T.);
#2000=ADVANCED_FACE('',(#60),#1898,.T.);
#2001=ADVANCED_FACE('',(#61),#1899,.T.);
#2002=ADVANCED_FACE('',(#62),#1900,.T.);
#2003=ADVANCED_FACE('',(#63),#1901,.T.);
#2004=ADVANCED_FACE('',(#64),#1902,.T.);
#2005=ADVANCED_FACE('',(#65),#1903,.T.);
#2006=ADVANCED_FACE('',(#66),#1904,.T.);
#2007=ADVANCED_FACE('',(#67,#17),#1905,.T.);
#2008=ADVANCED_FACE('',(#68),#1906,.T.);
#2009=ADVANCED_FACE('',(#69),#1907,.F.);
#2010=ADVANCED_FACE('',(#70),#1908,.F.);
#2011=ADVANCED_FACE('',(#71),#1909,.F.);
#2012=ADVANCED_FACE('',(#72),#1910,.F.);
#2013=ADVANCED_FACE('',(#73),#1911,.F.);
#2014=ADVANCED_FACE('',(#74),#1912,.F.);
#2015=ADVANCED_FACE('',(#75),#1913,.F.);
#2016=ADVANCED_FACE('',(#76),#1914,.F.);
#2017=ADVANCED_FACE('',(#77),#1915,.F.);
#2018=ADVANCED_FACE('',(#78),#1916,.F.);
#2019=ADVANCED_FACE('',(#79),#1917,.F.);
#2020=ADVANCED_FACE('',(#80),#1918,.F.);
#2021=ADVANCED_FACE('',(#81),#1919,.F.);
#2022=ADVANCED_FACE('',(#82),#1920,.F.);
#2023=ADVANCED_FACE('',(#83),#1921,.F.);
#2024=ADVANCED_FACE('',(#84),#1922,.F.);
#2025=ADVANCED_FACE('',(#85),#1923,.F.);
#2026=ADVANCED_FACE('',(#86),#1924,.F.);
#2027=ADVANCED_FACE('',(#87),#1925,.F.);
#2028=ADVANCED_FACE('',(#88),#1926,.F.);
#2029=ADVANCED_FACE('',(#89),#1927,.F.);
#2030=ADVANCED_FACE('',(#90),#1928,.F.);
#2031=ADVANCED_FACE('',(#91),#1929,.F.);
#2032=ADVANCED_FACE('',(#92),#1930,.F.);
#2033=ADVANCED_FACE('',(#93),#1931,.F.);
#2034=ADVANCED_FACE('',(#94),#1932,.F.);
#2035=ADVANCED_FACE('',(#95),#1933,.F.);
#2036=ADVANCED_FACE('',(#96),#1934,.F.);
#2037=ADVANCED_FACE('',(#97),#1935,.F.);
#2038=ADVANCED_FACE('',(#98),#1936,.F.);
#2039=ADVANCED_FACE('',(#99),#1937,.F.);
#2040=ADVANCED_FACE('',(#100),#1938,.F.);
#2041=ADVANCED_FACE('',(#101),#1939,.F.);
#2042=ADVANCED_FACE('',(#102),#1940,.F.);
#2043=ADVANCED_FACE('',(#103),#1941,.F.);
#2044=ADVANCED_FACE('',(#104),#1942,.F.);
#2045=ADVANCED_FACE('',(#105),#1943,.F.);
#2046=ADVANCED_FACE('',(#106),#1944,.F.);
#2047=ADVANCED_FACE('',(#107),#1945,.F.);
#2048=ADVANCED_FACE('',(#108),#1946,.F.);
#2049=ADVANCED_FACE('',(#109),#1947,.F.);
#2050=ADVANCED_FACE('',(#110),#1948,.F.);
#2051=ADVANCED_FACE('',(#111),#1949,.F.);
#2052=ADVANCED_FACE('',(#112),#1950,.F.);
#2053=ADVANCED_FACE('',(#113),#1951,.F.);
#2054=ADVANCED_FACE('',(#114),#1952,.F.);
#2055=ADVANCED_FACE('',(#115),#1953,.F.);
#2056=ADVANCED_FACE('',(#116),#1954,.F.);
#2057=ADVANCED_FACE('',(#117),#1955,.F.);
#2058=ADVANCED_FACE('',(#118,#18),#1956,.F.);
#2059=ADVANCED_FACE('',(#119),#1957,.F.);
#2060=ADVANCED_FACE('',(#120),#1958,.T.);
#2061=CLOSED_SHELL('',(#1959,#1960,#1961,#1962,#1963,#1964,#1965,#1966,
#1967,#1968,#1969,#1970,#1971,#1972,#1973,#1974,#1975,#1976,#1977,#1978,
#1979,#1980,#1981,#1982,#1983,#1984,#1985,#1986,#1987,#1988,#1989,#1990,
#1991,#1992,#1993,#1994,#1995,#1996,#1997,#1998,#1999,#2000,#2001,#2002,
#2003,#2004,#2005,#2006,#2007,#2008,#2009));
#2062=CLOSED_SHELL('',(#2010,#2011,#2012,#2013,#2014,#2015,#2016,#2017,
#2018,#2019,#2020,#2021,#2022,#2023,#2024,#2025,#2026,#2027,#2028,#2029,
#2030,#2031,#2032,#2033,#2034,#2035,#2036,#2037,#2038,#2039,#2040,#2041,
#2042,#2043,#2044,#2045,#2046,#2047,#2048,#2049,#2050,#2051,#2052,#2053,
#2054,#2055,#2056,#2057,#2058,#2059,#2060));
#2063=DERIVED_UNIT_ELEMENT(#2065,1.);
#2064=DERIVED_UNIT_ELEMENT(#3260,-3.);
#2065=(
MASS_UNIT()
NAMED_UNIT(*)
SI_UNIT(.KILO.,.GRAM.)
);
#2066=DERIVED_UNIT((#2063,#2064));
#2067=MEASURE_REPRESENTATION_ITEM('density measure',
POSITIVE_RATIO_MEASURE(7850.),#2066);
#2068=PROPERTY_DEFINITION_REPRESENTATION(#2073,#2070);
#2069=PROPERTY_DEFINITION_REPRESENTATION(#2074,#2071);
#2070=REPRESENTATION('material name',(#2072),#3257);
#2071=REPRESENTATION('density',(#2067),#3257);
#2072=DESCRIPTIVE_REPRESENTATION_ITEM('Steel','Steel');
#2073=PROPERTY_DEFINITION('material property','material name',#3267);
#2074=PROPERTY_DEFINITION('material property','density of part',#3267);
#2075=AXIS2_PLACEMENT_3D('',#2672,#2178,#2179);
#2076=AXIS2_PLACEMENT_3D('',#2673,#2180,#2181);
#2077=AXIS2_PLACEMENT_3D('',#2682,#2186,#2187);
#2078=AXIS2_PLACEMENT_3D('',#2688,#2191,#2192);
#2079=AXIS2_PLACEMENT_3D('',#2694,#2196,#2197);
#2080=AXIS2_PLACEMENT_3D('',#2700,#2201,#2202);
#2081=AXIS2_PLACEMENT_3D('',#2706,#2206,#2207);
#2082=AXIS2_PLACEMENT_3D('',#2712,#2211,#2212);
#2083=AXIS2_PLACEMENT_3D('',#2718,#2216,#2217);
#2084=AXIS2_PLACEMENT_3D('',#2724,#2221,#2222);
#2085=AXIS2_PLACEMENT_3D('',#2730,#2226,#2227);
#2086=AXIS2_PLACEMENT_3D('',#2736,#2231,#2232);
#2087=AXIS2_PLACEMENT_3D('',#2742,#2236,#2237);
#2088=AXIS2_PLACEMENT_3D('',#2748,#2241,#2242);
#2089=AXIS2_PLACEMENT_3D('',#2754,#2246,#2247);
#2090=AXIS2_PLACEMENT_3D('',#2760,#2251,#2252);
#2091=AXIS2_PLACEMENT_3D('',#2766,#2256,#2257);
#2092=AXIS2_PLACEMENT_3D('',#2772,#2261,#2262);
#2093=AXIS2_PLACEMENT_3D('',#2778,#2266,#2267);
#2094=AXIS2_PLACEMENT_3D('',#2784,#2271,#2272);
#2095=AXIS2_PLACEMENT_3D('',#2790,#2276,#2277);
#2096=AXIS2_PLACEMENT_3D('',#2796,#2281,#2282);
#2097=AXIS2_PLACEMENT_3D('',#2802,#2286,#2287);
#2098=AXIS2_PLACEMENT_3D('',#2808,#2291,#2292);
#2099=AXIS2_PLACEMENT_3D('',#2814,#2296,#2297);
#2100=AXIS2_PLACEMENT_3D('',#2817,#2300,#2301);
#2101=AXIS2_PLACEMENT_3D('',#2826,#2306,#2307);
#2102=AXIS2_PLACEMENT_3D('',#2832,#2311,#2312);
#2103=AXIS2_PLACEMENT_3D('',#2838,#2316,#2317);
#2104=AXIS2_PLACEMENT_3D('',#2844,#2321,#2322);
#2105=AXIS2_PLACEMENT_3D('',#2850,#2326,#2327);
#2106=AXIS2_PLACEMENT_3D('',#2856,#2331,#2332);
#2107=AXIS2_PLACEMENT_3D('',#2862,#2336,#2337);
#2108=AXIS2_PLACEMENT_3D('',#2868,#2341,#2342);
#2109=AXIS2_PLACEMENT_3D('',#2874,#2346,#2347);
#2110=AXIS2_PLACEMENT_3D('',#2880,#2351,#2352);
#2111=AXIS2_PLACEMENT_3D('',#2886,#2356,#2357);
#2112=AXIS2_PLACEMENT_3D('',#2892,#2361,#2362);
#2113=AXIS2_PLACEMENT_3D('',#2898,#2366,#2367);
#2114=AXIS2_PLACEMENT_3D('',#2904,#2371,#2372);
#2115=AXIS2_PLACEMENT_3D('',#2910,#2376,#2377);
#2116=AXIS2_PLACEMENT_3D('',#2916,#2381,#2382);
#2117=AXIS2_PLACEMENT_3D('',#2922,#2386,#2387);
#2118=AXIS2_PLACEMENT_3D('',#2928,#2391,#2392);
#2119=AXIS2_PLACEMENT_3D('',#2934,#2396,#2397);
#2120=AXIS2_PLACEMENT_3D('',#2940,#2401,#2402);
#2121=AXIS2_PLACEMENT_3D('',#2946,#2406,#2407);
#2122=AXIS2_PLACEMENT_3D('',#2952,#2411,#2412);
#2123=AXIS2_PLACEMENT_3D('',#2958,#2416,#2417);
#2124=AXIS2_PLACEMENT_3D('',#2961,#2420,#2421);
#2125=AXIS2_PLACEMENT_3D('',#2962,#2422,#2423);
#2126=AXIS2_PLACEMENT_3D('',#2963,#2424,#2425);
#2127=AXIS2_PLACEMENT_3D('',#2964,#2426,#2427);
#2128=AXIS2_PLACEMENT_3D('',#2973,#2432,#2433);
#2129=AXIS2_PLACEMENT_3D('',#2979,#2437,#2438);
#2130=AXIS2_PLACEMENT_3D('',#2985,#2442,#2443);
#2131=AXIS2_PLACEMENT_3D('',#2991,#2447,#2448);
#2132=AXIS2_PLACEMENT_3D('',#2997,#2452,#2453);
#2133=AXIS2_PLACEMENT_3D('',#3003,#2457,#2458);
#2134=AXIS2_PLACEMENT_3D('',#3009,#2462,#2463);
#2135=AXIS2_PLACEMENT_3D('',#3015,#2467,#2468);
#2136=AXIS2_PLACEMENT_3D('',#3021,#2472,#2473);
#2137=AXIS2_PLACEMENT_3D('',#3027,#2477,#2478);
#2138=AXIS2_PLACEMENT_3D('',#3033,#2482,#2483);
#2139=AXIS2_PLACEMENT_3D('',#3039,#2487,#2488);
#2140=AXIS2_PLACEMENT_3D('',#3045,#2492,#2493);
#2141=AXIS2_PLACEMENT_3D('',#3051,#2497,#2498);
#2142=AXIS2_PLACEMENT_3D('',#3057,#2502,#2503);
#2143=AXIS2_PLACEMENT_3D('',#3063,#2507,#2508);
#2144=AXIS2_PLACEMENT_3D('',#3069,#2512,#2513);
#2145=AXIS2_PLACEMENT_3D('',#3075,#2517,#2518);
#2146=AXIS2_PLACEMENT_3D('',#3081,#2522,#2523);
#2147=AXIS2_PLACEMENT_3D('',#3087,#2527,#2528);
#2148=AXIS2_PLACEMENT_3D('',#3093,#2532,#2533);
#2149=AXIS2_PLACEMENT_3D('',#3099,#2537,#2538);
#2150=AXIS2_PLACEMENT_3D('',#3105,#2542,#2543);
#2151=AXIS2_PLACEMENT_3D('',#3108,#2546,#2547);
#2152=AXIS2_PLACEMENT_3D('',#3117,#2552,#2553);
#2153=AXIS2_PLACEMENT_3D('',#3123,#2557,#2558);
#2154=AXIS2_PLACEMENT_3D('',#3129,#2562,#2563);
#2155=AXIS2_PLACEMENT_3D('',#3135,#2567,#2568);
#2156=AXIS2_PLACEMENT_3D('',#3141,#2572,#2573);
#2157=AXIS2_PLACEMENT_3D('',#3147,#2577,#2578);
#2158=AXIS2_PLACEMENT_3D('',#3153,#2582,#2583);
#2159=AXIS2_PLACEMENT_3D('',#3159,#2587,#2588);
#2160=AXIS2_PLACEMENT_3D('',#3165,#2592,#2593);
#2161=AXIS2_PLACEMENT_3D('',#3171,#2597,#2598);
#2162=AXIS2_PLACEMENT_3D('',#3177,#2602,#2603);
#2163=AXIS2_PLACEMENT_3D('',#3183,#2607,#2608);
#2164=AXIS2_PLACEMENT_3D('',#3189,#2612,#2613);
#2165=AXIS2_PLACEMENT_3D('',#3195,#2617,#2618);
#2166=AXIS2_PLACEMENT_3D('',#3201,#2622,#2623);
#2167=AXIS2_PLACEMENT_3D('',#3207,#2627,#2628);
#2168=AXIS2_PLACEMENT_3D('',#3213,#2632,#2633);
#2169=AXIS2_PLACEMENT_3D('',#3219,#2637,#2638);
#2170=AXIS2_PLACEMENT_3D('',#3225,#2642,#2643);
#2171=AXIS2_PLACEMENT_3D('',#3231,#2647,#2648);
#2172=AXIS2_PLACEMENT_3D('',#3237,#2652,#2653);
#2173=AXIS2_PLACEMENT_3D('',#3243,#2657,#2658);
#2174=AXIS2_PLACEMENT_3D('',#3249,#2662,#2663);
#2175=AXIS2_PLACEMENT_3D('',#3252,#2666,#2667);
#2176=AXIS2_PLACEMENT_3D('',#3253,#2668,#2669);
#2177=AXIS2_PLACEMENT_3D('',#3254,#2670,#2671);
#2178=DIRECTION('axis',(0.,0.,1.));
#2179=DIRECTION('refdir',(1.,0.,0.));
#2180=DIRECTION('center_axis',(-1.,0.,0.));
#2181=DIRECTION('ref_axis',(0.,0.,1.));
#2182=DIRECTION('',(0.,0.,-1.));
#2183=DIRECTION('',(0.,1.,0.));
#2184=DIRECTION('',(0.,0.,1.));
#2185=DIRECTION('',(0.,1.,0.));
#2186=DIRECTION('center_axis',(0.,0.,-1.));
#2187=DIRECTION('ref_axis',(-1.,0.,0.));
#2188=DIRECTION('',(1.,0.,0.));
#2189=DIRECTION('',(0.,1.,0.));
#2190=DIRECTION('',(-1.,0.,0.));
#2191=DIRECTION('center_axis',(-1.,0.,0.));
#2192=DIRECTION('ref_axis',(0.,0.,1.));
#2193=DIRECTION('',(0.,0.,-1.));
#2194=DIRECTION('',(0.,1.,0.));
#2195=DIRECTION('',(0.,0.,1.));
#2196=DIRECTION('center_axis',(0.,0.,-1.));
#2197=DIRECTION('ref_axis',(-1.,0.,0.));
#2198=DIRECTION('',(1.,0.,0.));
#2199=DIRECTION('',(0.,1.,0.));
#2200=DIRECTION('',(-1.,0.,0.));
#2201=DIRECTION('center_axis',(1.,0.,0.));
#2202=DIRECTION('ref_axis',(0.,0.,-1.));
#2203=DIRECTION('',(0.,0.,1.));
#2204=DIRECTION('',(0.,1.,0.));
#2205=DIRECTION('',(0.,0.,-1.));
#2206=DIRECTION('center_axis',(0.,0.,-1.));
#2207=DIRECTION('ref_axis',(-1.,0.,0.));
#2208=DIRECTION('',(1.,0.,0.));
#2209=DIRECTION('',(0.,1.,0.));
#2210=DIRECTION('',(-1.,0.,0.));
#2211=DIRECTION('center_axis',(1.,0.,0.));
#2212=DIRECTION('ref_axis',(0.,0.,-1.));
#2213=DIRECTION('',(0.,0.,1.));
#2214=DIRECTION('',(0.,1.,0.));
#2215=DIRECTION('',(0.,0.,-1.));
#2216=DIRECTION('center_axis',(0.,0.,-1.));
#2217=DIRECTION('ref_axis',(-1.,0.,0.));
#2218=DIRECTION('',(1.,0.,0.));
#2219=DIRECTION('',(0.,1.,0.));
#2220=DIRECTION('',(-1.,0.,0.));
#2221=DIRECTION('center_axis',(-1.,0.,0.));
#2222=DIRECTION('ref_axis',(0.,0.,1.));
#2223=DIRECTION('',(0.,0.,-1.));
#2224=DIRECTION('',(0.,1.,0.));
#2225=DIRECTION('',(0.,0.,1.));
#2226=DIRECTION('center_axis',(0.,0.,-1.));
#2227=DIRECTION('ref_axis',(-1.,0.,0.));
#2228=DIRECTION('',(1.,0.,0.));
#2229=DIRECTION('',(0.,1.,0.));
#2230=DIRECTION('',(-1.,0.,0.));
#2231=DIRECTION('center_axis',(-1.,0.,0.));
#2232=DIRECTION('ref_axis',(0.,0.,1.));
#2233=DIRECTION('',(0.,0.,-1.));
#2234=DIRECTION('',(0.,1.,0.));
#2235=DIRECTION('',(0.,0.,1.));
#2236=DIRECTION('center_axis',(0.,0.,-1.));
#2237=DIRECTION('ref_axis',(-1.,0.,0.));
#2238=DIRECTION('',(1.,0.,0.));
#2239=DIRECTION('',(0.,1.,0.));
#2240=DIRECTION('',(-1.,0.,0.));
#2241=DIRECTION('center_axis',(0.,0.,-1.));
#2242=DIRECTION('ref_axis',(-1.,0.,0.));
#2243=DIRECTION('',(1.,0.,0.));
#2244=DIRECTION('',(-1.,0.,0.));
#2245=DIRECTION('',(0.,1.,0.));
#2246=DIRECTION('center_axis',(-1.,0.,0.));
#2247=DIRECTION('ref_axis',(0.,0.,1.));
#2248=DIRECTION('',(0.,0.,-1.));
#2249=DIRECTION('',(0.,0.,1.));
#2250=DIRECTION('',(0.,1.,0.));
#2251=DIRECTION('center_axis',(0.,0.,1.));
#2252=DIRECTION('ref_axis',(1.,0.,0.));
#2253=DIRECTION('',(-1.,0.,0.));
#2254=DIRECTION('',(1.,0.,0.));
#2255=DIRECTION('',(0.,1.,0.));
#2256=DIRECTION('center_axis',(-1.,0.,0.));
#2257=DIRECTION('ref_axis',(0.,0.,1.));
#2258=DIRECTION('',(0.,0.,-1.));
#2259=DIRECTION('',(0.,0.,1.));
#2260=DIRECTION('',(0.,1.,0.));
#2261=DIRECTION('center_axis',(0.,0.,1.));
#2262=DIRECTION('ref_axis',(1.,0.,0.));
#2263=DIRECTION('',(-1.,0.,0.));
#2264=DIRECTION('',(1.,0.,0.));
#2265=DIRECTION('',(0.,1.,0.));
#2266=DIRECTION('center_axis',(-1.,0.,0.));
#2267=DIRECTION('ref_axis',(0.,0.,1.));
#2268=DIRECTION('',(0.,0.,-1.));
#2269=DIRECTION('',(0.,0.,1.));
#2270=DIRECTION('',(0.,1.,0.));
#2271=DIRECTION('center_axis',(0.,0.,1.));
#2272=DIRECTION('ref_axis',(1.,0.,0.));
#2273=DIRECTION('',(-1.,0.,0.));
#2274=DIRECTION('',(1.,0.,0.));
#2275=DIRECTION('',(0.,1.,0.));
#2276=DIRECTION('center_axis',(1.,0.,0.));
#2277=DIRECTION('ref_axis',(0.,0.,-1.));
#2278=DIRECTION('',(0.,0.,1.));
#2279=DIRECTION('',(0.,0.,-1.));
#2280=DIRECTION('',(0.,1.,0.));
#2281=DIRECTION('center_axis',(0.,0.,1.));
#2282=DIRECTION('ref_axis',(1.,0.,0.));
#2283=DIRECTION('',(-1.,0.,0.));
#2284=DIRECTION('',(1.,0.,0.));
#2285=DIRECTION('',(0.,1.,0.));
#2286=DIRECTION('center_axis',(1.,0.,0.));
#2287=DIRECTION('ref_axis',(0.,0.,-1.));
#2288=DIRECTION('',(0.,0.,1.));
#2289=DIRECTION('',(0.,0.,-1.));
#2290=DIRECTION('',(0.,1.,0.));
#2291=DIRECTION('center_axis',(0.,0.,1.));
#2292=DIRECTION('ref_axis',(1.,0.,0.));
#2293=DIRECTION('',(-1.,0.,0.));
#2294=DIRECTION('',(1.,0.,0.));
#2295=DIRECTION('',(0.,1.,0.));
#2296=DIRECTION('center_axis',(1.,0.,5.53727194326761E-17));
#2297=DIRECTION('ref_axis',(5.53727194326761E-17,0.,-1.));
#2298=DIRECTION('',(-5.53727194326761E-17,0.,1.));
#2299=DIRECTION('',(5.53727194326761E-17,0.,-1.));
#2300=DIRECTION('center_axis',(-1.,0.,0.));
#2301=DIRECTION('ref_axis',(0.,0.,1.));
#2302=DIRECTION('',(0.,0.,-1.));
#2303=DIRECTION('',(0.,1.,0.));
#2304=DIRECTION('',(0.,0.,1.));
#2305=DIRECTION('',(0.,1.,0.));
#2306=DIRECTION('center_axis',(-7.50945279509103E-16,0.,-1.));
#2307=DIRECTION('ref_axis',(-1.,0.,7.50945279509103E-16));
#2308=DIRECTION('',(-1.,0.,7.50945279509103E-16));
#2309=DIRECTION('',(-1.,0.,7.50945279509103E-16));
#2310=DIRECTION('',(0.,1.,0.));
#2311=DIRECTION('center_axis',(-1.,0.,0.));
#2312=DIRECTION('ref_axis',(0.,0.,1.));
#2313=DIRECTION('',(0.,0.,1.));
#2314=DIRECTION('',(0.,0.,1.));
#2315=DIRECTION('',(0.,1.,0.));
#2316=DIRECTION('center_axis',(7.43583126287724E-16,0.,-1.));
#2317=DIRECTION('ref_axis',(-1.,0.,-7.43583126287724E-16));
#2318=DIRECTION('',(-1.,0.,-7.43583126287724E-16));
#2319=DIRECTION('',(-1.,0.,-7.43583126287724E-16));
#2320=DIRECTION('',(0.,1.,0.));
#2321=DIRECTION('center_axis',(-1.,0.,0.));
#2322=DIRECTION('ref_axis',(0.,0.,1.));
#2323=DIRECTION('',(0.,0.,1.));
#2324=DIRECTION('',(0.,0.,1.));
#2325=DIRECTION('',(0.,1.,0.));
#2326=DIRECTION('center_axis',(2.03157532717895E-15,0.,-1.));
#2327=DIRECTION('ref_axis',(-1.,0.,-2.03157532717895E-15));
#2328=DIRECTION('',(-1.,0.,-2.03157532717895E-15));
#2329=DIRECTION('',(-1.,0.,-2.03157532717895E-15));
#2330=DIRECTION('',(0.,1.,0.));
#2331=DIRECTION('center_axis',(1.,0.,0.));
#2332=DIRECTION('ref_axis',(0.,0.,-1.));
#2333=DIRECTION('',(0.,0.,-1.));
#2334=DIRECTION('',(0.,0.,-1.));
#2335=DIRECTION('',(0.,1.,0.));
#2336=DIRECTION('center_axis',(1.56382430683192E-15,0.,-1.));
#2337=DIRECTION('ref_axis',(-1.,0.,-1.56382430683192E-15));
#2338=DIRECTION('',(-1.,0.,-1.56382430683192E-15));
#2339=DIRECTION('',(-1.,0.,-1.56382430683192E-15));
#2340=DIRECTION('',(0.,1.,0.));
#2341=DIRECTION('center_axis',(1.,0.,0.));
#2342=DIRECTION('ref_axis',(0.,0.,-1.));
#2343=DIRECTION('',(0.,0.,-1.));
#2344=DIRECTION('',(0.,0.,-1.));
#2345=DIRECTION('',(0.,1.,0.));
#2346=DIRECTION('center_axis',(8.07544476950717E-16,0.,-1.));
#2347=DIRECTION('ref_axis',(-1.,0.,-8.07544476950717E-16));
#2348=DIRECTION('',(-1.,0.,-8.07544476950717E-16));
#2349=DIRECTION('',(-1.,0.,-8.07544476950717E-16));
#2350=DIRECTION('',(0.,1.,0.));
#2351=DIRECTION('center_axis',(1.,0.,0.));
#2352=DIRECTION('ref_axis',(0.,0.,-1.));
#2353=DIRECTION('',(0.,0.,-1.));
#2354=DIRECTION('',(0.,0.,-1.));
#2355=DIRECTION('',(0.,1.,0.));
#2356=DIRECTION('center_axis',(-4.182302870847E-15,0.,1.));
#2357=DIRECTION('ref_axis',(1.,0.,4.182302870847E-15));
#2358=DIRECTION('',(1.,0.,4.182302870847E-15));
#2359=DIRECTION('',(1.,0.,4.182302870847E-15));
#2360=DIRECTION('',(0.,1.,0.));
#2361=DIRECTION('center_axis',(1.,0.,0.));
#2362=DIRECTION('ref_axis',(0.,0.,-1.));
#2363=DIRECTION('',(0.,0.,-1.));
#2364=DIRECTION('',(0.,0.,-1.));
#2365=DIRECTION('',(0.,1.,0.));
#2366=DIRECTION('center_axis',(0.,0.,1.));
#2367=DIRECTION('ref_axis',(1.,0.,0.));
#2368=DIRECTION('',(1.,0.,0.));
#2369=DIRECTION('',(1.,0.,0.));
#2370=DIRECTION('',(0.,1.,0.));
#2371=DIRECTION('center_axis',(1.,0.,0.));
#2372=DIRECTION('ref_axis',(0.,0.,-1.));
#2373=DIRECTION('',(0.,0.,-1.));
#2374=DIRECTION('',(0.,0.,-1.));
#2375=DIRECTION('',(0.,1.,0.));
#2376=DIRECTION('center_axis',(-1.06002572528956E-15,0.,1.));
#2377=DIRECTION('ref_axis',(1.,0.,1.06002572528956E-15));
#2378=DIRECTION('',(1.,0.,1.06002572528956E-15));
#2379=DIRECTION('',(1.,0.,1.06002572528956E-15));
#2380=DIRECTION('',(0.,1.,0.));
#2381=DIRECTION('center_axis',(-1.,0.,0.));
#2382=DIRECTION('ref_axis',(0.,0.,1.));
#2383=DIRECTION('',(0.,0.,1.));
#2384=DIRECTION('',(0.,0.,1.));
#2385=DIRECTION('',(0.,1.,0.));
#2386=DIRECTION('center_axis',(0.,0.,1.));
#2387=DIRECTION('ref_axis',(1.,0.,0.));
#2388=DIRECTION('',(1.,0.,0.));
#2389=DIRECTION('',(1.,0.,0.));
#2390=DIRECTION('',(0.,1.,0.));
#2391=DIRECTION('center_axis',(-1.,0.,0.));
#2392=DIRECTION('ref_axis',(0.,0.,1.));
#2393=DIRECTION('',(0.,0.,1.));
#2394=DIRECTION('',(0.,0.,1.));
#2395=DIRECTION('',(0.,1.,0.));
#2396=DIRECTION('center_axis',(0.,0.,1.));
#2397=DIRECTION('ref_axis',(1.,0.,0.));
#2398=DIRECTION('',(1.,0.,0.));
#2399=DIRECTION('',(1.,0.,0.));
#2400=DIRECTION('',(0.,1.,0.));
#2401=DIRECTION('center_axis',(1.,0.,0.));
#2402=DIRECTION('ref_axis',(0.,0.,-1.));
#2403=DIRECTION('',(0.,0.,-1.));
#2404=DIRECTION('',(0.,0.,-1.));
#2405=DIRECTION('',(0.,1.,0.));
#2406=DIRECTION('center_axis',(-9.49004245976042E-16,0.,1.));
#2407=DIRECTION('ref_axis',(1.,0.,9.49004245976042E-16));
#2408=DIRECTION('',(1.,0.,9.49004245976042E-16));
#2409=DIRECTION('',(1.,0.,9.49004245976042E-16));
#2410=DIRECTION('',(0.,1.,0.));
#2411=DIRECTION('center_axis',(1.,0.,0.));
#2412=DIRECTION('ref_axis',(0.,0.,-1.));
#2413=DIRECTION('',(0.,0.,-1.));
#2414=DIRECTION('',(0.,0.,-1.));
#2415=DIRECTION('',(0.,1.,0.));
#2416=DIRECTION('center_axis',(-6.58564842411286E-16,0.,1.));
#2417=DIRECTION('ref_axis',(1.,0.,6.58564842411286E-16));
#2418=DIRECTION('',(1.,0.,6.58564842411286E-16));
#2419=DIRECTION('',(1.,0.,6.58564842411286E-16));
#2420=DIRECTION('center_axis',(0.,1.,0.));
#2421=DIRECTION('ref_axis',(0.,0.,1.));
#2422=DIRECTION('center_axis',(0.,1.,0.));
#2423=DIRECTION('ref_axis',(0.,0.,1.));
#2424=DIRECTION('center_axis',(0.,1.,0.));
#2425=DIRECTION('ref_axis',(1.,0.,0.));
#2426=DIRECTION('center_axis',(-1.,0.,0.));
#2427=DIRECTION('ref_axis',(0.,0.,1.));
#2428=DIRECTION('',(0.,0.,-1.));
#2429=DIRECTION('',(0.,1.,0.));
#2430=DIRECTION('',(0.,0.,1.));
#2431=DIRECTION('',(0.,1.,0.));
#2432=DIRECTION('center_axis',(0.,0.,1.));
#2433=DIRECTION('ref_axis',(1.,0.,0.));
#2434=DIRECTION('',(-1.,0.,0.));
#2435=DIRECTION('',(1.,0.,0.));
#2436=DIRECTION('',(0.,1.,0.));
#2437=DIRECTION('center_axis',(-1.,0.,0.));
#2438=DIRECTION('ref_axis',(0.,0.,1.));
#2439=DIRECTION('',(0.,0.,-1.));
#2440=DIRECTION('',(0.,0.,1.));
#2441=DIRECTION('',(0.,1.,0.));
#2442=DIRECTION('center_axis',(0.,0.,1.));
#2443=DIRECTION('ref_axis',(1.,0.,0.));
#2444=DIRECTION('',(-1.,0.,0.));
#2445=DIRECTION('',(1.,0.,0.));
#2446=DIRECTION('',(0.,1.,0.));
#2447=DIRECTION('center_axis',(1.,0.,0.));
#2448=DIRECTION('ref_axis',(0.,0.,-1.));
#2449=DIRECTION('',(0.,0.,1.));
#2450=DIRECTION('',(0.,0.,-1.));
#2451=DIRECTION('',(0.,1.,0.));
#2452=DIRECTION('center_axis',(0.,0.,1.));
#2453=DIRECTION('ref_axis',(1.,0.,0.));
#2454=DIRECTION('',(-1.,0.,0.));
#2455=DIRECTION('',(1.,0.,0.));
#2456=DIRECTION('',(0.,1.,0.));
#2457=DIRECTION('center_axis',(1.,0.,0.));
#2458=DIRECTION('ref_axis',(0.,0.,-1.));
#2459=DIRECTION('',(0.,0.,1.));
#2460=DIRECTION('',(0.,0.,-1.));
#2461=DIRECTION('',(0.,1.,0.));
#2462=DIRECTION('center_axis',(0.,0.,1.));
#2463=DIRECTION('ref_axis',(1.,0.,0.));
#2464=DIRECTION('',(-1.,0.,0.));
#2465=DIRECTION('',(1.,0.,0.));
#2466=DIRECTION('',(0.,1.,0.));
#2467=DIRECTION('center_axis',(-1.,0.,0.));
#2468=DIRECTION('ref_axis',(0.,0.,1.));
#2469=DIRECTION('',(0.,0.,-1.));
#2470=DIRECTION('',(0.,0.,1.));
#2471=DIRECTION('',(0.,1.,0.));
#2472=DIRECTION('center_axis',(0.,0.,1.));
#2473=DIRECTION('ref_axis',(1.,0.,0.));
#2474=DIRECTION('',(-1.,0.,0.));
#2475=DIRECTION('',(1.,0.,0.));
#2476=DIRECTION('',(0.,1.,0.));
#2477=DIRECTION('center_axis',(-1.,0.,0.));
#2478=DIRECTION('ref_axis',(0.,0.,1.));
#2479=DIRECTION('',(0.,0.,-1.));
#2480=DIRECTION('',(0.,0.,1.));
#2481=DIRECTION('',(0.,1.,0.));
#2482=DIRECTION('center_axis',(0.,0.,1.));
#2483=DIRECTION('ref_axis',(1.,0.,0.));
#2484=DIRECTION('',(-1.,0.,0.));
#2485=DIRECTION('',(1.,0.,0.));
#2486=DIRECTION('',(0.,1.,0.));
#2487=DIRECTION('center_axis',(0.,0.,1.));
#2488=DIRECTION('ref_axis',(1.,0.,0.));
#2489=DIRECTION('',(-1.,0.,0.));
#2490=DIRECTION('',(0.,1.,0.));
#2491=DIRECTION('',(1.,0.,0.));
#2492=DIRECTION('center_axis',(-1.,0.,0.));
#2493=DIRECTION('ref_axis',(0.,0.,1.));
#2494=DIRECTION('',(0.,0.,-1.));
#2495=DIRECTION('',(0.,1.,0.));
#2496=DIRECTION('',(0.,0.,1.));
#2497=DIRECTION('center_axis',(0.,0.,-1.));
#2498=DIRECTION('ref_axis',(-1.,0.,0.));
#2499=DIRECTION('',(1.,0.,0.));
#2500=DIRECTION('',(0.,1.,0.));
#2501=DIRECTION('',(-1.,0.,0.));
#2502=DIRECTION('center_axis',(-1.,0.,0.));
#2503=DIRECTION('ref_axis',(0.,0.,1.));
#2504=DIRECTION('',(0.,0.,-1.));
#2505=DIRECTION('',(0.,1.,0.));
#2506=DIRECTION('',(0.,0.,1.));
#2507=DIRECTION('center_axis',(0.,0.,-1.));
#2508=DIRECTION('ref_axis',(-1.,0.,0.));
#2509=DIRECTION('',(1.,0.,0.));
#2510=DIRECTION('',(0.,1.,0.));
#2511=DIRECTION('',(-1.,0.,0.));
#2512=DIRECTION('center_axis',(-1.,0.,0.));
#2513=DIRECTION('ref_axis',(0.,0.,1.));
#2514=DIRECTION('',(0.,0.,-1.));
#2515=DIRECTION('',(0.,1.,0.));
#2516=DIRECTION('',(0.,0.,1.));
#2517=DIRECTION('center_axis',(0.,0.,-1.));
#2518=DIRECTION('ref_axis',(-1.,0.,0.));
#2519=DIRECTION('',(1.,0.,0.));
#2520=DIRECTION('',(0.,1.,0.));
#2521=DIRECTION('',(-1.,0.,0.));
#2522=DIRECTION('center_axis',(1.,0.,0.));
#2523=DIRECTION('ref_axis',(0.,0.,-1.));
#2524=DIRECTION('',(0.,0.,1.));
#2525=DIRECTION('',(0.,1.,0.));
#2526=DIRECTION('',(0.,0.,-1.));
#2527=DIRECTION('center_axis',(0.,0.,-1.));
#2528=DIRECTION('ref_axis',(-1.,0.,0.));
#2529=DIRECTION('',(1.,0.,0.));
#2530=DIRECTION('',(0.,1.,0.));
#2531=DIRECTION('',(-1.,0.,0.));
#2532=DIRECTION('center_axis',(1.,0.,0.));
#2533=DIRECTION('ref_axis',(0.,0.,-1.));
#2534=DIRECTION('',(0.,0.,1.));
#2535=DIRECTION('',(0.,1.,0.));
#2536=DIRECTION('',(0.,0.,-1.));
#2537=DIRECTION('center_axis',(0.,0.,-1.));
#2538=DIRECTION('ref_axis',(-1.,0.,0.));
#2539=DIRECTION('',(1.,0.,0.));
#2540=DIRECTION('',(0.,1.,0.));
#2541=DIRECTION('',(-1.,0.,0.));
#2542=DIRECTION('center_axis',(1.,0.,-5.53727194326761E-17));
#2543=DIRECTION('ref_axis',(-5.53727194326761E-17,0.,-1.));
#2544=DIRECTION('',(5.53727194326761E-17,0.,1.));
#2545=DIRECTION('',(-5.53727194326761E-17,0.,-1.));
#2546=DIRECTION('center_axis',(-1.,0.,0.));
#2547=DIRECTION('ref_axis',(0.,0.,1.));
#2548=DIRECTION('',(0.,0.,-1.));
#2549=DIRECTION('',(0.,1.,0.));
#2550=DIRECTION('',(0.,0.,1.));
#2551=DIRECTION('',(0.,1.,0.));
#2552=DIRECTION('center_axis',(-7.50945279509103E-16,0.,1.));
#2553=DIRECTION('ref_axis',(1.,0.,7.50945279509103E-16));
#2554=DIRECTION('',(1.,0.,7.50945279509103E-16));
#2555=DIRECTION('',(0.,1.,0.));
#2556=DIRECTION('',(1.,0.,7.50945279509103E-16));
#2557=DIRECTION('center_axis',(-1.,0.,0.));
#2558=DIRECTION('ref_axis',(0.,0.,1.));
#2559=DIRECTION('',(0.,0.,1.));
#2560=DIRECTION('',(0.,1.,0.));
#2561=DIRECTION('',(0.,0.,1.));
#2562=DIRECTION('center_axis',(7.43583126287724E-16,0.,1.));
#2563=DIRECTION('ref_axis',(1.,0.,-7.43583126287724E-16));
#2564=DIRECTION('',(1.,0.,-7.43583126287724E-16));
#2565=DIRECTION('',(0.,1.,0.));
#2566=DIRECTION('',(1.,0.,-7.43583126287724E-16));
#2567=DIRECTION('center_axis',(-1.,0.,0.));
#2568=DIRECTION('ref_axis',(0.,0.,1.));
#2569=DIRECTION('',(0.,0.,1.));
#2570=DIRECTION('',(0.,1.,0.));
#2571=DIRECTION('',(0.,0.,1.));
#2572=DIRECTION('center_axis',(2.03157532717895E-15,0.,1.));
#2573=DIRECTION('ref_axis',(1.,0.,-2.03157532717895E-15));
#2574=DIRECTION('',(1.,0.,-2.03157532717895E-15));
#2575=DIRECTION('',(0.,1.,0.));
#2576=DIRECTION('',(1.,0.,-2.03157532717895E-15));
#2577=DIRECTION('center_axis',(1.,0.,0.));
#2578=DIRECTION('ref_axis',(0.,0.,-1.));
#2579=DIRECTION('',(0.,0.,-1.));
#2580=DIRECTION('',(0.,1.,0.));
#2581=DIRECTION('',(0.,0.,-1.));
#2582=DIRECTION('center_axis',(1.56382430683192E-15,0.,1.));
#2583=DIRECTION('ref_axis',(1.,0.,-1.56382430683192E-15));
#2584=DIRECTION('',(1.,0.,-1.56382430683192E-15));
#2585=DIRECTION('',(0.,1.,0.));
#2586=DIRECTION('',(1.,0.,-1.56382430683192E-15));
#2587=DIRECTION('center_axis',(1.,0.,0.));
#2588=DIRECTION('ref_axis',(0.,0.,-1.));
#2589=DIRECTION('',(0.,0.,-1.));
#2590=DIRECTION('',(0.,1.,0.));
#2591=DIRECTION('',(0.,0.,-1.));
#2592=DIRECTION('center_axis',(8.07544476950717E-16,0.,1.));
#2593=DIRECTION('ref_axis',(1.,0.,-8.07544476950717E-16));
#2594=DIRECTION('',(1.,0.,-8.07544476950717E-16));
#2595=DIRECTION('',(0.,1.,0.));
#2596=DIRECTION('',(1.,0.,-8.07544476950717E-16));
#2597=DIRECTION('center_axis',(1.,0.,0.));
#2598=DIRECTION('ref_axis',(0.,0.,-1.));
#2599=DIRECTION('',(0.,0.,-1.));
#2600=DIRECTION('',(0.,1.,0.));
#2601=DIRECTION('',(0.,0.,-1.));
#2602=DIRECTION('center_axis',(-4.182302870847E-15,0.,-1.));
#2603=DIRECTION('ref_axis',(-1.,0.,4.182302870847E-15));
#2604=DIRECTION('',(-1.,0.,4.182302870847E-15));
#2605=DIRECTION('',(0.,1.,0.));
#2606=DIRECTION('',(-1.,0.,4.182302870847E-15));
#2607=DIRECTION('center_axis',(1.,0.,0.));
#2608=DIRECTION('ref_axis',(0.,0.,-1.));
#2609=DIRECTION('',(0.,0.,-1.));
#2610=DIRECTION('',(0.,1.,0.));
#2611=DIRECTION('',(0.,0.,-1.));
#2612=DIRECTION('center_axis',(0.,0.,-1.));
#2613=DIRECTION('ref_axis',(-1.,0.,0.));
#2614=DIRECTION('',(-1.,0.,0.));
#2615=DIRECTION('',(0.,1.,0.));
#2616=DIRECTION('',(-1.,0.,0.));
#2617=DIRECTION('center_axis',(1.,0.,0.));
#2618=DIRECTION('ref_axis',(0.,0.,-1.));
#2619=DIRECTION('',(0.,0.,-1.));
#2620=DIRECTION('',(0.,1.,0.));
#2621=DIRECTION('',(0.,0.,-1.));
#2622=DIRECTION('center_axis',(-1.06002572528956E-15,0.,-1.));
#2623=DIRECTION('ref_axis',(-1.,0.,1.06002572528956E-15));
#2624=DIRECTION('',(-1.,0.,1.06002572528956E-15));
#2625=DIRECTION('',(0.,1.,0.));
#2626=DIRECTION('',(-1.,0.,1.06002572528956E-15));
#2627=DIRECTION('center_axis',(-1.,0.,0.));
#2628=DIRECTION('ref_axis',(0.,0.,1.));
#2629=DIRECTION('',(0.,0.,1.));
#2630=DIRECTION('',(0.,1.,0.));
#2631=DIRECTION('',(0.,0.,1.));
#2632=DIRECTION('center_axis',(0.,0.,-1.));
#2633=DIRECTION('ref_axis',(-1.,0.,0.));
#2634=DIRECTION('',(-1.,0.,0.));
#2635=DIRECTION('',(0.,1.,0.));
#2636=DIRECTION('',(-1.,0.,0.));
#2637=DIRECTION('center_axis',(-1.,0.,0.));
#2638=DIRECTION('ref_axis',(0.,0.,1.));
#2639=DIRECTION('',(0.,0.,1.));
#2640=DIRECTION('',(0.,1.,0.));
#2641=DIRECTION('',(0.,0.,1.));
#2642=DIRECTION('center_axis',(0.,0.,-1.));
#2643=DIRECTION('ref_axis',(-1.,0.,0.));
#2644=DIRECTION('',(-1.,0.,0.));
#2645=DIRECTION('',(0.,1.,0.));
#2646=DIRECTION('',(-1.,0.,0.));
#2647=DIRECTION('center_axis',(1.,0.,0.));
#2648=DIRECTION('ref_axis',(0.,0.,-1.));
#2649=DIRECTION('',(0.,0.,-1.));
#2650=DIRECTION('',(0.,1.,0.));
#2651=DIRECTION('',(0.,0.,-1.));
#2652=DIRECTION('center_axis',(-9.49004245976042E-16,0.,-1.));
#2653=DIRECTION('ref_axis',(-1.,0.,9.49004245976042E-16));
#2654=DIRECTION('',(-1.,0.,9.49004245976042E-16));
#2655=DIRECTION('',(0.,1.,0.));
#2656=DIRECTION('',(-1.,0.,9.49004245976042E-16));
#2657=DIRECTION('center_axis',(1.,0.,0.));
#2658=DIRECTION('ref_axis',(0.,0.,-1.));
#2659=DIRECTION('',(0.,0.,-1.));
#2660=DIRECTION('',(0.,1.,0.));
#2661=DIRECTION('',(0.,0.,-1.));
#2662=DIRECTION('center_axis',(-6.58564842411286E-16,0.,-1.));
#2663=DIRECTION('ref_axis',(-1.,0.,6.58564842411286E-16));
#2664=DIRECTION('',(-1.,0.,6.58564842411286E-16));
#2665=DIRECTION('',(-1.,0.,6.58564842411286E-16));
#2666=DIRECTION('center_axis',(0.,-1.,0.));
#2667=DIRECTION('ref_axis',(0.,0.,1.));
#2668=DIRECTION('center_axis',(0.,-1.,0.));
#2669=DIRECTION('ref_axis',(0.,0.,1.));
#2670=DIRECTION('center_axis',(0.,-1.,0.));
#2671=DIRECTION('ref_axis',(-1.,0.,0.));
#2672=CARTESIAN_POINT('',(0.,0.,0.));
#2673=CARTESIAN_POINT('Origin',(120.400001505017,0.,-13.8));
#2674=CARTESIAN_POINT('',(120.400001505017,3.,-6.4));
#2675=CARTESIAN_POINT('',(120.400001505017,3.,-13.8));
#2676=CARTESIAN_POINT('',(120.400001505017,3.,-6.4));
#2677=CARTESIAN_POINT('',(120.400001505017,13.,-6.4));
#2678=CARTESIAN_POINT('',(120.400001505017,0.,-6.4));
#2679=CARTESIAN_POINT('',(120.400001505017,13.,-13.8));
#2680=CARTESIAN_POINT('',(120.400001505017,13.,-6.4));
#2681=CARTESIAN_POINT('',(120.400001505017,0.,-13.8));
#2682=CARTESIAN_POINT('Origin',(120.400001505017,0.,-6.4));
#2683=CARTESIAN_POINT('',(101.000001505017,3.,-6.4));
#2684=CARTESIAN_POINT('',(101.000001505017,3.,-6.4));
#2685=CARTESIAN_POINT('',(101.000001505017,13.,-6.4));
#2686=CARTESIAN_POINT('',(101.000001505017,0.,-6.4));
#2687=CARTESIAN_POINT('',(101.000001505017,13.,-6.4));
#2688=CARTESIAN_POINT('Origin',(101.000001505017,0.,-6.4));
#2689=CARTESIAN_POINT('',(101.000001505017,3.,0.));
#2690=CARTESIAN_POINT('',(101.000001505017,3.,0.));
#2691=CARTESIAN_POINT('',(101.000001505017,13.,0.));
#2692=CARTESIAN_POINT('',(101.000001505017,0.,0.));
#2693=CARTESIAN_POINT('',(101.000001505017,13.,0.));
#2694=CARTESIAN_POINT('Origin',(101.000001505017,0.,0.));
#2695=CARTESIAN_POINT('',(78.6,3.,0.));
#2696=CARTESIAN_POINT('',(78.6,3.,0.));
#2697=CARTESIAN_POINT('',(78.6,13.,0.));
#2698=CARTESIAN_POINT('',(78.6,0.,0.));
#2699=CARTESIAN_POINT('',(78.6,13.,0.));
#2700=CARTESIAN_POINT('Origin',(78.6,0.,0.));
#2701=CARTESIAN_POINT('',(78.6,3.,-13.4));
#2702=CARTESIAN_POINT('',(78.6,3.,-13.4));
#2703=CARTESIAN_POINT('',(78.6,13.,-13.4));
#2704=CARTESIAN_POINT('',(78.6,0.,-13.4));
#2705=CARTESIAN_POINT('',(78.6,13.,-13.4));
#2706=CARTESIAN_POINT('Origin',(78.6,0.,-13.4));
#2707=CARTESIAN_POINT('',(58.2,3.,-13.4));
#2708=CARTESIAN_POINT('',(58.2,3.,-13.4));
#2709=CARTESIAN_POINT('',(58.2,13.,-13.4));
#2710=CARTESIAN_POINT('',(58.2,0.,-13.4));
#2711=CARTESIAN_POINT('',(58.2,13.,-13.4));
#2712=CARTESIAN_POINT('Origin',(58.2,0.,-13.4));
#2713=CARTESIAN_POINT('',(58.2,3.,-26.8));
#2714=CARTESIAN_POINT('',(58.2,3.,-26.8));
#2715=CARTESIAN_POINT('',(58.2,13.,-26.8));
#2716=CARTESIAN_POINT('',(58.2,0.,-26.8));
#2717=CARTESIAN_POINT('',(58.2,13.,-26.8));
#2718=CARTESIAN_POINT('Origin',(58.2,0.,-26.8));
#2719=CARTESIAN_POINT('',(42.8,3.,-26.8));
#2720=CARTESIAN_POINT('',(42.8,3.,-26.8));
#2721=CARTESIAN_POINT('',(42.8,13.,-26.8));
#2722=CARTESIAN_POINT('',(42.8,0.,-26.8));
#2723=CARTESIAN_POINT('',(42.8,13.,-26.8));
#2724=CARTESIAN_POINT('Origin',(42.8,0.,-26.8));
#2725=CARTESIAN_POINT('',(42.8,3.,-13.4));
#2726=CARTESIAN_POINT('',(42.8,3.,-13.4));
#2727=CARTESIAN_POINT('',(42.8,13.,-13.4));
#2728=CARTESIAN_POINT('',(42.8,0.,-13.4));
#2729=CARTESIAN_POINT('',(42.8,13.,-13.4));
#2730=CARTESIAN_POINT('Origin',(42.8,0.,-13.4));
#2731=CARTESIAN_POINT('',(23.4,3.,-13.4));
#2732=CARTESIAN_POINT('',(23.4,3.,-13.4));
#2733=CARTESIAN_POINT('',(23.4,13.,-13.4));
#2734=CARTESIAN_POINT('',(23.4,0.,-13.4));
#2735=CARTESIAN_POINT('',(23.4,13.,-13.4));
#2736=CARTESIAN_POINT('Origin',(23.4,0.,-13.4));
#2737=CARTESIAN_POINT('',(23.4,3.,0.));
#2738=CARTESIAN_POINT('',(23.4,3.,0.));
#2739=CARTESIAN_POINT('',(23.4,13.,0.));
#2740=CARTESIAN_POINT('',(23.4,0.,0.));
#2741=CARTESIAN_POINT('',(23.4,13.,0.));
#2742=CARTESIAN_POINT('Origin',(23.4,0.,0.));
#2743=CARTESIAN_POINT('',(0.,3.,0.));
#2744=CARTESIAN_POINT('',(0.,3.,0.));
#2745=CARTESIAN_POINT('',(0.,13.,0.));
#2746=CARTESIAN_POINT('',(0.,0.,0.));
#2747=CARTESIAN_POINT('',(0.,13.,0.));
#2748=CARTESIAN_POINT('Origin',(126.800001505017,0.,-13.8));
#2749=CARTESIAN_POINT('',(126.800001505017,3.,-13.8));
#2750=CARTESIAN_POINT('',(120.400001505017,3.,-13.8));
#2751=CARTESIAN_POINT('',(126.800001505017,13.,-13.8));
#2752=CARTESIAN_POINT('',(120.400001505017,13.,-13.8));
#2753=CARTESIAN_POINT('',(126.800001505017,0.,-13.8));
#2754=CARTESIAN_POINT('Origin',(126.800001505017,0.,-80.2));
#2755=CARTESIAN_POINT('',(126.800001505017,3.,-80.2));
#2756=CARTESIAN_POINT('',(126.800001505017,3.,-13.8));
#2757=CARTESIAN_POINT('',(126.800001505017,13.,-80.2));
#2758=CARTESIAN_POINT('',(126.800001505017,13.,-13.8));
#2759=CARTESIAN_POINT('',(126.800001505017,0.,-80.2));
#2760=CARTESIAN_POINT('Origin',(82.4000015050173,0.,-80.2));
#2761=CARTESIAN_POINT('',(82.4000015050173,3.,-80.2));
#2762=CARTESIAN_POINT('',(126.800001505017,3.,-80.2));
#2763=CARTESIAN_POINT('',(82.4000015050173,13.,-80.2));
#2764=CARTESIAN_POINT('',(126.800001505017,13.,-80.2));
#2765=CARTESIAN_POINT('',(82.4000015050173,0.,-80.2));
#2766=CARTESIAN_POINT('Origin',(82.4000015050173,0.,-94.6));
#2767=CARTESIAN_POINT('',(82.4000015050173,3.,-94.6));
#2768=CARTESIAN_POINT('',(82.4000015050173,3.,-80.2));
#2769=CARTESIAN_POINT('',(82.4000015050173,13.,-94.6));
#2770=CARTESIAN_POINT('',(82.4000015050173,13.,-80.2));
#2771=CARTESIAN_POINT('',(82.4000015050173,0.,-94.6));
#2772=CARTESIAN_POINT('Origin',(63.0000015050173,0.,-94.6));
#2773=CARTESIAN_POINT('',(63.0000015050173,3.,-94.6));
#2774=CARTESIAN_POINT('',(82.4000015050173,3.,-94.6));
#2775=CARTESIAN_POINT('',(63.0000015050173,13.,-94.6));
#2776=CARTESIAN_POINT('',(82.4000015050173,13.,-94.6));
#2777=CARTESIAN_POINT('',(63.0000015050173,0.,-94.6));
#2778=CARTESIAN_POINT('Origin',(63.0000015050173,0.,-108.));
#2779=CARTESIAN_POINT('',(63.0000015050173,3.,-108.));
#2780=CARTESIAN_POINT('',(63.0000015050173,3.,-94.6));
#2781=CARTESIAN_POINT('',(63.0000015050173,13.,-108.));
#2782=CARTESIAN_POINT('',(63.0000015050173,13.,-94.6));
#2783=CARTESIAN_POINT('',(63.0000015050173,0.,-108.));
#2784=CARTESIAN_POINT('Origin',(40.6000015050173,0.,-108.));
#2785=CARTESIAN_POINT('',(40.6000015050173,3.,-108.));
#2786=CARTESIAN_POINT('',(63.0000015050173,3.,-108.));
#2787=CARTESIAN_POINT('',(40.6000015050173,13.,-108.));
#2788=CARTESIAN_POINT('',(63.0000015050173,13.,-108.));
#2789=CARTESIAN_POINT('',(40.6000015050173,0.,-108.));
#2790=CARTESIAN_POINT('Origin',(40.6000015050173,0.,-94.6));
#2791=CARTESIAN_POINT('',(40.6000015050173,3.,-94.6));
#2792=CARTESIAN_POINT('',(40.6000015050173,3.,-108.));
#2793=CARTESIAN_POINT('',(40.6000015050173,13.,-94.6));
#2794=CARTESIAN_POINT('',(40.6000015050173,13.,-108.));
#2795=CARTESIAN_POINT('',(40.6000015050173,0.,-94.6));
#2796=CARTESIAN_POINT('Origin',(20.2000015050173,0.,-94.6));
#2797=CARTESIAN_POINT('',(20.2000015050173,3.,-94.6));
#2798=CARTESIAN_POINT('',(40.6000015050173,3.,-94.6));
#2799=CARTESIAN_POINT('',(20.2000015050173,13.,-94.6));
#2800=CARTESIAN_POINT('',(40.6000015050173,13.,-94.6));
#2801=CARTESIAN_POINT('',(20.2000015050173,0.,-94.6));
#2802=CARTESIAN_POINT('Origin',(20.2000015050173,0.,-80.2));
#2803=CARTESIAN_POINT('',(20.2000015050173,3.,-80.2));
#2804=CARTESIAN_POINT('',(20.2000015050173,3.,-94.6));
#2805=CARTESIAN_POINT('',(20.2000015050173,13.,-80.2));
#2806=CARTESIAN_POINT('',(20.2000015050173,13.,-94.6));
#2807=CARTESIAN_POINT('',(20.2000015050173,0.,-80.2));
#2808=CARTESIAN_POINT('Origin',(4.44089209850063E-15,0.,-80.2));
#2809=CARTESIAN_POINT('',(4.44089209850063E-15,3.,-80.2));
#2810=CARTESIAN_POINT('',(20.2000015050173,3.,-80.2));
#2811=CARTESIAN_POINT('',(4.44089209850063E-15,13.,-80.2));
#2812=CARTESIAN_POINT('',(20.2000015050173,13.,-80.2));
#2813=CARTESIAN_POINT('',(4.44089209850063E-15,0.,-80.2));
#2814=CARTESIAN_POINT('Origin',(0.,0.,0.));
#2815=CARTESIAN_POINT('',(0.,3.,0.));
#2816=CARTESIAN_POINT('',(0.,13.,0.));
#2817=CARTESIAN_POINT('Origin',(-9.00000000000006,0.,-83.2));
#2818=CARTESIAN_POINT('',(-9.00000000000006,0.,5.71714616422284));
#2819=CARTESIAN_POINT('',(-9.00000000000006,0.,-83.2));
#2820=CARTESIAN_POINT('',(-9.00000000000006,0.,5.71714616422284));
#2821=CARTESIAN_POINT('',(-9.00000000000006,13.,5.71714616422284));
#2822=CARTESIAN_POINT('',(-9.00000000000006,0.,5.71714616422284));
#2823=CARTESIAN_POINT('',(-9.00000000000006,13.,-83.2));
#2824=CARTESIAN_POINT('',(-9.00000000000006,13.,5.71714616422284));
#2825=CARTESIAN_POINT('',(-9.00000000000006,0.,-83.2));
#2826=CARTESIAN_POINT('Origin',(14.6549438137684,0.,-83.2));
#2827=CARTESIAN_POINT('',(14.6549438137684,0.,-83.2));
#2828=CARTESIAN_POINT('',(14.6549438137684,0.,-83.2));
#2829=CARTESIAN_POINT('',(14.6549438137684,13.,-83.2));
#2830=CARTESIAN_POINT('',(14.6549438137684,13.,-83.2));
#2831=CARTESIAN_POINT('',(14.6549438137684,0.,-83.2));
#2832=CARTESIAN_POINT('Origin',(14.6549438137684,0.,-100.062928987092));
#2833=CARTESIAN_POINT('',(14.6549438137684,0.,-100.062928987092));
#2834=CARTESIAN_POINT('',(14.6549438137684,0.,-100.062928987092));
#2835=CARTESIAN_POINT('',(14.6549438137684,13.,-100.062928987092));
#2836=CARTESIAN_POINT('',(14.6549438137684,13.,-100.062928987092));
#2837=CARTESIAN_POINT('',(14.6549438137684,0.,-100.062928987092));
#2838=CARTESIAN_POINT('Origin',(38.5440932121492,0.,-100.062928987092));
#2839=CARTESIAN_POINT('',(38.5440932121492,0.,-100.062928987092));
#2840=CARTESIAN_POINT('',(38.5440932121492,0.,-100.062928987092));
#2841=CARTESIAN_POINT('',(38.5440932121492,13.,-100.062928987092));
#2842=CARTESIAN_POINT('',(38.5440932121492,13.,-100.062928987092));
#2843=CARTESIAN_POINT('',(38.5440932121492,0.,-100.062928987092));
#2844=CARTESIAN_POINT('Origin',(38.5440932121492,0.,-115.75482123897));
#2845=CARTESIAN_POINT('',(38.5440932121492,0.,-115.75482123897));
#2846=CARTESIAN_POINT('',(38.5440932121492,0.,-115.75482123897));
#2847=CARTESIAN_POINT('',(38.5440932121492,13.,-115.75482123897));
#2848=CARTESIAN_POINT('',(38.5440932121492,13.,-115.75482123897));
#2849=CARTESIAN_POINT('',(38.5440932121492,0.,-115.75482123897));
#2850=CARTESIAN_POINT('Origin',(64.7753160809597,0.,-115.75482123897));
#2851=CARTESIAN_POINT('',(64.7753160809597,0.,-115.75482123897));
#2852=CARTESIAN_POINT('',(64.7753160809597,0.,-115.75482123897));
#2853=CARTESIAN_POINT('',(64.7753160809597,13.,-115.75482123897));
#2854=CARTESIAN_POINT('',(64.7753160809597,13.,-115.75482123897));
#2855=CARTESIAN_POINT('',(64.7753160809597,0.,-115.75482123897));
#2856=CARTESIAN_POINT('Origin',(64.7753160809597,0.,-100.062928987092));
#2857=CARTESIAN_POINT('',(64.7753160809597,0.,-100.062928987092));
#2858=CARTESIAN_POINT('',(64.7753160809597,0.,-100.062928987092));
#2859=CARTESIAN_POINT('',(64.7753160809597,13.,-100.062928987092));
#2860=CARTESIAN_POINT('',(64.7753160809597,13.,-100.062928987092));
#2861=CARTESIAN_POINT('',(64.7753160809597,0.,-100.062928987092));
#2862=CARTESIAN_POINT('Origin',(87.4934287441257,0.,-100.062928987092));
#2863=CARTESIAN_POINT('',(87.4934287441257,0.,-100.062928987092));
#2864=CARTESIAN_POINT('',(87.4934287441257,0.,-100.062928987092));
#2865=CARTESIAN_POINT('',(87.4934287441257,13.,-100.062928987092));
#2866=CARTESIAN_POINT('',(87.4934287441257,13.,-100.062928987092));
#2867=CARTESIAN_POINT('',(87.4934287441257,0.,-100.062928987092));
#2868=CARTESIAN_POINT('Origin',(87.4934287441257,0.,-83.2));
#2869=CARTESIAN_POINT('',(87.4934287441257,0.,-83.2));
#2870=CARTESIAN_POINT('',(87.4934287441257,0.,-83.2));
#2871=CARTESIAN_POINT('',(87.4934287441257,13.,-83.2));
#2872=CARTESIAN_POINT('',(87.4934287441257,13.,-83.2));
#2873=CARTESIAN_POINT('',(87.4934287441257,0.,-83.2));
#2874=CARTESIAN_POINT('Origin',(131.487459787661,0.,-83.1999999999999));
#2875=CARTESIAN_POINT('',(131.487459787661,0.,-83.1999999999999));
#2876=CARTESIAN_POINT('',(131.487459787661,0.,-83.1999999999999));
#2877=CARTESIAN_POINT('',(131.487459787661,13.,-83.1999999999999));
#2878=CARTESIAN_POINT('',(131.487459787661,13.,-83.1999999999999));
#2879=CARTESIAN_POINT('',(131.487459787661,0.,-83.1999999999999));
#2880=CARTESIAN_POINT('Origin',(131.487459787661,0.,-11.4431607817407));
#2881=CARTESIAN_POINT('',(131.487459787661,0.,-11.4431607817407));
#2882=CARTESIAN_POINT('',(131.487459787661,0.,-11.4431607817407));
#2883=CARTESIAN_POINT('',(131.487459787661,13.,-11.4431607817407));
#2884=CARTESIAN_POINT('',(131.487459787661,13.,-11.4431607817407));
#2885=CARTESIAN_POINT('',(131.487459787661,0.,-11.4431607817407));
#2886=CARTESIAN_POINT('Origin',(122.992824682286,0.,-11.4431607817407));
#2887=CARTESIAN_POINT('',(122.992824682286,0.,-11.4431607817407));
#2888=CARTESIAN_POINT('',(122.992824682286,0.,-11.4431607817407));
#2889=CARTESIAN_POINT('',(122.992824682286,13.,-11.4431607817407));
#2890=CARTESIAN_POINT('',(122.992824682286,13.,-11.4431607817407));
#2891=CARTESIAN_POINT('',(122.992824682286,0.,-11.4431607817407));
#2892=CARTESIAN_POINT('Origin',(122.992824682286,0.,-2.77748894115152));
#2893=CARTESIAN_POINT('',(122.992824682286,0.,-2.77748894115152));
#2894=CARTESIAN_POINT('',(122.992824682286,0.,-2.77748894115152));
#2895=CARTESIAN_POINT('',(122.992824682286,13.,-2.77748894115152));
#2896=CARTESIAN_POINT('',(122.992824682286,13.,-2.77748894115152));
#2897=CARTESIAN_POINT('',(122.992824682286,0.,-2.77748894115152));
#2898=CARTESIAN_POINT('Origin',(103.27471201912,0.,-2.77748894115152));
#2899=CARTESIAN_POINT('',(103.27471201912,0.,-2.77748894115152));
#2900=CARTESIAN_POINT('',(103.27471201912,0.,-2.77748894115152));
#2901=CARTESIAN_POINT('',(103.27471201912,13.,-2.77748894115152));
#2902=CARTESIAN_POINT('',(103.27471201912,13.,-2.77748894115152));
#2903=CARTESIAN_POINT('',(103.27471201912,0.,-2.77748894115152));
#2904=CARTESIAN_POINT('Origin',(103.27471201912,0.,5.71714616422286));
#2905=CARTESIAN_POINT('',(103.27471201912,0.,5.71714616422286));
#2906=CARTESIAN_POINT('',(103.27471201912,0.,5.71714616422286));
#2907=CARTESIAN_POINT('',(103.27471201912,13.,5.71714616422286));
#2908=CARTESIAN_POINT('',(103.27471201912,13.,5.71714616422286));
#2909=CARTESIAN_POINT('',(103.27471201912,0.,5.71714616422286));
#2910=CARTESIAN_POINT('Origin',(76.0434873878792,0.,5.71714616422283));
#2911=CARTESIAN_POINT('',(76.0434873878792,0.,5.71714616422283));
#2912=CARTESIAN_POINT('',(76.0434873878792,0.,5.71714616422283));
#2913=CARTESIAN_POINT('',(76.0434873878792,13.,5.71714616422283));
#2914=CARTESIAN_POINT('',(76.0434873878792,13.,5.71714616422283));
#2915=CARTESIAN_POINT('',(76.0434873878792,0.,5.71714616422283));
#2916=CARTESIAN_POINT('Origin',(76.0434873878792,0.,-10.9747460876548));
#2917=CARTESIAN_POINT('',(76.0434873878792,0.,-10.9747460876548));
#2918=CARTESIAN_POINT('',(76.0434873878792,0.,-10.9747460876548));
#2919=CARTESIAN_POINT('',(76.0434873878792,13.,-10.9747460876548));
#2920=CARTESIAN_POINT('',(76.0434873878792,13.,-10.9747460876548));
#2921=CARTESIAN_POINT('',(76.0434873878792,0.,-10.9747460876548));
#2922=CARTESIAN_POINT('Origin',(56.1543379894983,0.,-10.9747460876548));
#2923=CARTESIAN_POINT('',(56.1543379894983,0.,-10.9747460876548));
#2924=CARTESIAN_POINT('',(56.1543379894983,0.,-10.9747460876548));
#2925=CARTESIAN_POINT('',(56.1543379894983,13.,-10.9747460876548));
#2926=CARTESIAN_POINT('',(56.1543379894983,13.,-10.9747460876548));
#2927=CARTESIAN_POINT('',(56.1543379894983,0.,-10.9747460876548));
#2928=CARTESIAN_POINT('Origin',(56.1543379894983,0.,-23.6666383395324));
#2929=CARTESIAN_POINT('',(56.1543379894983,0.,-23.6666383395324));
#2930=CARTESIAN_POINT('',(56.1543379894983,0.,-23.6666383395324));
#2931=CARTESIAN_POINT('',(56.1543379894983,13.,-23.6666383395324));
#2932=CARTESIAN_POINT('',(56.1543379894983,13.,-23.6666383395324));
#2933=CARTESIAN_POINT('',(56.1543379894983,0.,-23.6666383395324));
#2934=CARTESIAN_POINT('Origin',(45.1203722671912,0.,-23.6666383395324));
#2935=CARTESIAN_POINT('',(45.1203722671912,0.,-23.6666383395324));
#2936=CARTESIAN_POINT('',(45.1203722671912,0.,-23.6666383395324));
#2937=CARTESIAN_POINT('',(45.1203722671912,13.,-23.6666383395324));
#2938=CARTESIAN_POINT('',(45.1203722671912,13.,-23.6666383395324));
#2939=CARTESIAN_POINT('',(45.1203722671912,0.,-23.6666383395324));
#2940=CARTESIAN_POINT('Origin',(45.1203722671912,0.,-10.9747460876548));
#2941=CARTESIAN_POINT('',(45.1203722671912,0.,-10.9747460876548));
#2942=CARTESIAN_POINT('',(45.1203722671912,0.,-10.9747460876548));
#2943=CARTESIAN_POINT('',(45.1203722671912,13.,-10.9747460876548));
#2944=CARTESIAN_POINT('',(45.1203722671912,13.,-10.9747460876548));
#2945=CARTESIAN_POINT('',(45.1203722671912,0.,-10.9747460876548));
#2946=CARTESIAN_POINT('Origin',(26.4022596040251,0.,-10.9747460876548));
#2947=CARTESIAN_POINT('',(26.4022596040251,0.,-10.9747460876548));
#2948=CARTESIAN_POINT('',(26.4022596040251,0.,-10.9747460876548));
#2949=CARTESIAN_POINT('',(26.4022596040251,13.,-10.9747460876548));
#2950=CARTESIAN_POINT('',(26.4022596040251,13.,-10.9747460876548));
#2951=CARTESIAN_POINT('',(26.4022596040251,0.,-10.9747460876548));
#2952=CARTESIAN_POINT('Origin',(26.4022596040251,0.,5.71714616422286));
#2953=CARTESIAN_POINT('',(26.4022596040251,0.,5.71714616422286));
#2954=CARTESIAN_POINT('',(26.4022596040251,0.,5.71714616422286));
#2955=CARTESIAN_POINT('',(26.4022596040251,13.,5.71714616422286));
#2956=CARTESIAN_POINT('',(26.4022596040251,13.,5.71714616422286));
#2957=CARTESIAN_POINT('',(26.4022596040251,0.,5.71714616422286));
#2958=CARTESIAN_POINT('Origin',(-9.00000000000006,0.,5.71714616422284));
#2959=CARTESIAN_POINT('',(-9.00000000000006,0.,5.71714616422284));
#2960=CARTESIAN_POINT('',(-9.00000000000006,13.,5.71714616422284));
#2961=CARTESIAN_POINT('Origin',(61.2437298938303,13.,-55.0188375373736));
#2962=CARTESIAN_POINT('Origin',(63.4000007525086,3.,-54.));
#2963=CARTESIAN_POINT('Origin',(63.4000007525086,0.,-54.));
#2964=CARTESIAN_POINT('Origin',(169.599998494983,0.,-13.8));
#2965=CARTESIAN_POINT('',(169.599998494983,3.,-6.4));
#2966=CARTESIAN_POINT('',(169.599998494983,3.,-13.8));
#2967=CARTESIAN_POINT('',(169.599998494983,3.,-6.4));
#2968=CARTESIAN_POINT('',(169.599998494983,13.,-13.8));
#2969=CARTESIAN_POINT('',(169.599998494983,0.,-13.8));
#2970=CARTESIAN_POINT('',(169.599998494983,13.,-6.4));
#2971=CARTESIAN_POINT('',(169.599998494983,13.,-6.4));
#2972=CARTESIAN_POINT('',(169.599998494983,0.,-6.4));
#2973=CARTESIAN_POINT('Origin',(169.599998494983,0.,-6.4));
#2974=CARTESIAN_POINT('',(188.999998494983,3.,-6.4));
#2975=CARTESIAN_POINT('',(188.999998494983,3.,-6.4));
#2976=CARTESIAN_POINT('',(188.999998494983,13.,-6.4));
#2977=CARTESIAN_POINT('',(188.999998494983,13.,-6.4));
#2978=CARTESIAN_POINT('',(188.999998494983,0.,-6.4));
#2979=CARTESIAN_POINT('Origin',(188.999998494983,0.,-6.4));
#2980=CARTESIAN_POINT('',(188.999998494983,3.,0.));
#2981=CARTESIAN_POINT('',(188.999998494983,3.,0.));
#2982=CARTESIAN_POINT('',(188.999998494983,13.,0.));
#2983=CARTESIAN_POINT('',(188.999998494983,13.,0.));
#2984=CARTESIAN_POINT('',(188.999998494983,0.,0.));
#2985=CARTESIAN_POINT('Origin',(188.999998494983,0.,0.));
#2986=CARTESIAN_POINT('',(211.4,3.,0.));
#2987=CARTESIAN_POINT('',(211.4,3.,0.));
#2988=CARTESIAN_POINT('',(211.4,13.,0.));
#2989=CARTESIAN_POINT('',(211.4,13.,0.));
#2990=CARTESIAN_POINT('',(211.4,0.,0.));
#2991=CARTESIAN_POINT('Origin',(211.4,0.,0.));
#2992=CARTESIAN_POINT('',(211.4,3.,-13.4));
#2993=CARTESIAN_POINT('',(211.4,3.,-13.4));
#2994=CARTESIAN_POINT('',(211.4,13.,-13.4));
#2995=CARTESIAN_POINT('',(211.4,13.,-13.4));
#2996=CARTESIAN_POINT('',(211.4,0.,-13.4));
#2997=CARTESIAN_POINT('Origin',(211.4,0.,-13.4));
#2998=CARTESIAN_POINT('',(231.8,3.,-13.4));
#2999=CARTESIAN_POINT('',(231.8,3.,-13.4));
#3000=CARTESIAN_POINT('',(231.8,13.,-13.4));
#3001=CARTESIAN_POINT('',(231.8,13.,-13.4));
#3002=CARTESIAN_POINT('',(231.8,0.,-13.4));
#3003=CARTESIAN_POINT('Origin',(231.8,0.,-13.4));
#3004=CARTESIAN_POINT('',(231.8,3.,-26.8));
#3005=CARTESIAN_POINT('',(231.8,3.,-26.8));
#3006=CARTESIAN_POINT('',(231.8,13.,-26.8));
#3007=CARTESIAN_POINT('',(231.8,13.,-26.8));
#3008=CARTESIAN_POINT('',(231.8,0.,-26.8));
#3009=CARTESIAN_POINT('Origin',(231.8,0.,-26.8));
#3010=CARTESIAN_POINT('',(247.2,3.,-26.8));
#3011=CARTESIAN_POINT('',(247.2,3.,-26.8));
#3012=CARTESIAN_POINT('',(247.2,13.,-26.8));
#3013=CARTESIAN_POINT('',(247.2,13.,-26.8));
#3014=CARTESIAN_POINT('',(247.2,0.,-26.8));
#3015=CARTESIAN_POINT('Origin',(247.2,0.,-26.8));
#3016=CARTESIAN_POINT('',(247.2,3.,-13.4));
#3017=CARTESIAN_POINT('',(247.2,3.,-13.4));
#3018=CARTESIAN_POINT('',(247.2,13.,-13.4));
#3019=CARTESIAN_POINT('',(247.2,13.,-13.4));
#3020=CARTESIAN_POINT('',(247.2,0.,-13.4));
#3021=CARTESIAN_POINT('Origin',(247.2,0.,-13.4));
#3022=CARTESIAN_POINT('',(266.6,3.,-13.4));
#3023=CARTESIAN_POINT('',(266.6,3.,-13.4));
#3024=CARTESIAN_POINT('',(266.6,13.,-13.4));
#3025=CARTESIAN_POINT('',(266.6,13.,-13.4));
#3026=CARTESIAN_POINT('',(266.6,0.,-13.4));
#3027=CARTESIAN_POINT('Origin',(266.6,0.,-13.4));
#3028=CARTESIAN_POINT('',(266.6,3.,0.));
#3029=CARTESIAN_POINT('',(266.6,3.,0.));
#3030=CARTESIAN_POINT('',(266.6,13.,0.));
#3031=CARTESIAN_POINT('',(266.6,13.,0.));
#3032=CARTESIAN_POINT('',(266.6,0.,0.));
#3033=CARTESIAN_POINT('Origin',(266.6,0.,0.));
#3034=CARTESIAN_POINT('',(290.,3.,0.));
#3035=CARTESIAN_POINT('',(290.,3.,0.));
#3036=CARTESIAN_POINT('',(290.,13.,0.));
#3037=CARTESIAN_POINT('',(290.,13.,0.));
#3038=CARTESIAN_POINT('',(290.,0.,0.));
#3039=CARTESIAN_POINT('Origin',(163.199998494983,0.,-13.8));
#3040=CARTESIAN_POINT('',(163.199998494983,3.,-13.8));
#3041=CARTESIAN_POINT('',(169.599998494983,3.,-13.8));
#3042=CARTESIAN_POINT('',(163.199998494983,13.,-13.8));
#3043=CARTESIAN_POINT('',(163.199998494983,0.,-13.8));
#3044=CARTESIAN_POINT('',(169.599998494983,13.,-13.8));
#3045=CARTESIAN_POINT('Origin',(163.199998494983,0.,-80.2));
#3046=CARTESIAN_POINT('',(163.199998494983,3.,-80.2));
#3047=CARTESIAN_POINT('',(163.199998494983,3.,-13.8));
#3048=CARTESIAN_POINT('',(163.199998494983,13.,-80.2));
#3049=CARTESIAN_POINT('',(163.199998494983,0.,-80.2));
#3050=CARTESIAN_POINT('',(163.199998494983,13.,-13.8));
#3051=CARTESIAN_POINT('Origin',(207.599998494983,0.,-80.2));
#3052=CARTESIAN_POINT('',(207.599998494983,3.,-80.2));
#3053=CARTESIAN_POINT('',(163.199998494983,3.,-80.2));
#3054=CARTESIAN_POINT('',(207.599998494983,13.,-80.2));
#3055=CARTESIAN_POINT('',(207.599998494983,0.,-80.2));
#3056=CARTESIAN_POINT('',(163.199998494983,13.,-80.2));
#3057=CARTESIAN_POINT('Origin',(207.599998494983,0.,-94.6));
#3058=CARTESIAN_POINT('',(207.599998494983,3.,-94.6));
#3059=CARTESIAN_POINT('',(207.599998494983,3.,-80.2));
#3060=CARTESIAN_POINT('',(207.599998494983,13.,-94.6));
#3061=CARTESIAN_POINT('',(207.599998494983,0.,-94.6));
#3062=CARTESIAN_POINT('',(207.599998494983,13.,-80.2));
#3063=CARTESIAN_POINT('Origin',(226.999998494983,0.,-94.6));
#3064=CARTESIAN_POINT('',(226.999998494983,3.,-94.6));
#3065=CARTESIAN_POINT('',(207.599998494983,3.,-94.6));
#3066=CARTESIAN_POINT('',(226.999998494983,13.,-94.6));
#3067=CARTESIAN_POINT('',(226.999998494983,0.,-94.6));
#3068=CARTESIAN_POINT('',(207.599998494983,13.,-94.6));
#3069=CARTESIAN_POINT('Origin',(226.999998494983,0.,-108.));
#3070=CARTESIAN_POINT('',(226.999998494983,3.,-108.));
#3071=CARTESIAN_POINT('',(226.999998494983,3.,-94.6));
#3072=CARTESIAN_POINT('',(226.999998494983,13.,-108.));
#3073=CARTESIAN_POINT('',(226.999998494983,0.,-108.));
#3074=CARTESIAN_POINT('',(226.999998494983,13.,-94.6));
#3075=CARTESIAN_POINT('Origin',(249.399998494983,0.,-108.));
#3076=CARTESIAN_POINT('',(249.399998494983,3.,-108.));
#3077=CARTESIAN_POINT('',(226.999998494983,3.,-108.));
#3078=CARTESIAN_POINT('',(249.399998494983,13.,-108.));
#3079=CARTESIAN_POINT('',(249.399998494983,0.,-108.));
#3080=CARTESIAN_POINT('',(226.999998494983,13.,-108.));
#3081=CARTESIAN_POINT('Origin',(249.399998494983,0.,-94.6));
#3082=CARTESIAN_POINT('',(249.399998494983,3.,-94.6));
#3083=CARTESIAN_POINT('',(249.399998494983,3.,-108.));
#3084=CARTESIAN_POINT('',(249.399998494983,13.,-94.6));
#3085=CARTESIAN_POINT('',(249.399998494983,0.,-94.6));
#3086=CARTESIAN_POINT('',(249.399998494983,13.,-108.));
#3087=CARTESIAN_POINT('Origin',(269.799998494983,0.,-94.6));
#3088=CARTESIAN_POINT('',(269.799998494983,3.,-94.6));
#3089=CARTESIAN_POINT('',(249.399998494983,3.,-94.6));
#3090=CARTESIAN_POINT('',(269.799998494983,13.,-94.6));
#3091=CARTESIAN_POINT('',(269.799998494983,0.,-94.6));
#3092=CARTESIAN_POINT('',(249.399998494983,13.,-94.6));
#3093=CARTESIAN_POINT('Origin',(269.799998494983,0.,-80.2));
#3094=CARTESIAN_POINT('',(269.799998494983,3.,-80.2));
#3095=CARTESIAN_POINT('',(269.799998494983,3.,-94.6));
#3096=CARTESIAN_POINT('',(269.799998494983,13.,-80.2));
#3097=CARTESIAN_POINT('',(269.799998494983,0.,-80.2));
#3098=CARTESIAN_POINT('',(269.799998494983,13.,-94.6));
#3099=CARTESIAN_POINT('Origin',(290.,0.,-80.2));
#3100=CARTESIAN_POINT('',(290.,3.,-80.2));
#3101=CARTESIAN_POINT('',(269.799998494983,3.,-80.2));
#3102=CARTESIAN_POINT('',(290.,13.,-80.2));
#3103=CARTESIAN_POINT('',(290.,0.,-80.2));
#3104=CARTESIAN_POINT('',(269.799998494983,13.,-80.2));
#3105=CARTESIAN_POINT('Origin',(290.,0.,0.));
#3106=CARTESIAN_POINT('',(290.,3.,0.));
#3107=CARTESIAN_POINT('',(290.,13.,0.));
#3108=CARTESIAN_POINT('Origin',(299.,0.,-83.2));
#3109=CARTESIAN_POINT('',(299.,0.,5.71714616422284));
#3110=CARTESIAN_POINT('',(299.,0.,-83.2));
#3111=CARTESIAN_POINT('',(299.,0.,5.71714616422284));
#3112=CARTESIAN_POINT('',(299.,13.,-83.2));
#3113=CARTESIAN_POINT('',(299.,0.,-83.2));
#3114=CARTESIAN_POINT('',(299.,13.,5.71714616422284));
#3115=CARTESIAN_POINT('',(299.,13.,5.71714616422284));
#3116=CARTESIAN_POINT('',(299.,0.,5.71714616422284));
#3117=CARTESIAN_POINT('Origin',(275.345056186232,0.,-83.2));
#3118=CARTESIAN_POINT('',(275.345056186232,0.,-83.2));
#3119=CARTESIAN_POINT('',(275.345056186232,0.,-83.2));
#3120=CARTESIAN_POINT('',(275.345056186232,13.,-83.2));
#3121=CARTESIAN_POINT('',(275.345056186232,0.,-83.2));
#3122=CARTESIAN_POINT('',(275.345056186232,13.,-83.2));
#3123=CARTESIAN_POINT('Origin',(275.345056186232,0.,-100.062928987092));
#3124=CARTESIAN_POINT('',(275.345056186232,0.,-100.062928987092));
#3125=CARTESIAN_POINT('',(275.345056186232,0.,-100.062928987092));
#3126=CARTESIAN_POINT('',(275.345056186232,13.,-100.062928987092));
#3127=CARTESIAN_POINT('',(275.345056186232,0.,-100.062928987092));
#3128=CARTESIAN_POINT('',(275.345056186232,13.,-100.062928987092));
#3129=CARTESIAN_POINT('Origin',(251.455906787851,0.,-100.062928987092));
#3130=CARTESIAN_POINT('',(251.455906787851,0.,-100.062928987092));
#3131=CARTESIAN_POINT('',(251.455906787851,0.,-100.062928987092));
#3132=CARTESIAN_POINT('',(251.455906787851,13.,-100.062928987092));
#3133=CARTESIAN_POINT('',(251.455906787851,0.,-100.062928987092));
#3134=CARTESIAN_POINT('',(251.455906787851,13.,-100.062928987092));
#3135=CARTESIAN_POINT('Origin',(251.455906787851,0.,-115.75482123897));
#3136=CARTESIAN_POINT('',(251.455906787851,0.,-115.75482123897));
#3137=CARTESIAN_POINT('',(251.455906787851,0.,-115.75482123897));
#3138=CARTESIAN_POINT('',(251.455906787851,13.,-115.75482123897));
#3139=CARTESIAN_POINT('',(251.455906787851,0.,-115.75482123897));
#3140=CARTESIAN_POINT('',(251.455906787851,13.,-115.75482123897));
#3141=CARTESIAN_POINT('Origin',(225.22468391904,0.,-115.75482123897));
#3142=CARTESIAN_POINT('',(225.22468391904,0.,-115.75482123897));
#3143=CARTESIAN_POINT('',(225.22468391904,0.,-115.75482123897));
#3144=CARTESIAN_POINT('',(225.22468391904,13.,-115.75482123897));
#3145=CARTESIAN_POINT('',(225.22468391904,0.,-115.75482123897));
#3146=CARTESIAN_POINT('',(225.22468391904,13.,-115.75482123897));
#3147=CARTESIAN_POINT('Origin',(225.22468391904,0.,-100.062928987092));
#3148=CARTESIAN_POINT('',(225.22468391904,0.,-100.062928987092));
#3149=CARTESIAN_POINT('',(225.22468391904,0.,-100.062928987092));
#3150=CARTESIAN_POINT('',(225.22468391904,13.,-100.062928987092));
#3151=CARTESIAN_POINT('',(225.22468391904,0.,-100.062928987092));
#3152=CARTESIAN_POINT('',(225.22468391904,13.,-100.062928987092));
#3153=CARTESIAN_POINT('Origin',(202.506571255874,0.,-100.062928987092));
#3154=CARTESIAN_POINT('',(202.506571255874,0.,-100.062928987092));
#3155=CARTESIAN_POINT('',(202.506571255874,0.,-100.062928987092));
#3156=CARTESIAN_POINT('',(202.506571255874,13.,-100.062928987092));
#3157=CARTESIAN_POINT('',(202.506571255874,0.,-100.062928987092));
#3158=CARTESIAN_POINT('',(202.506571255874,13.,-100.062928987092));
#3159=CARTESIAN_POINT('Origin',(202.506571255874,0.,-83.2));
#3160=CARTESIAN_POINT('',(202.506571255874,0.,-83.2));
#3161=CARTESIAN_POINT('',(202.506571255874,0.,-83.2));
#3162=CARTESIAN_POINT('',(202.506571255874,13.,-83.2));
#3163=CARTESIAN_POINT('',(202.506571255874,0.,-83.2));
#3164=CARTESIAN_POINT('',(202.506571255874,13.,-83.2));
#3165=CARTESIAN_POINT('Origin',(158.512540212339,0.,-83.1999999999999));
#3166=CARTESIAN_POINT('',(158.512540212339,0.,-83.1999999999999));
#3167=CARTESIAN_POINT('',(158.512540212339,0.,-83.1999999999999));
#3168=CARTESIAN_POINT('',(158.512540212339,13.,-83.1999999999999));
#3169=CARTESIAN_POINT('',(158.512540212339,0.,-83.1999999999999));
#3170=CARTESIAN_POINT('',(158.512540212339,13.,-83.1999999999999));
#3171=CARTESIAN_POINT('Origin',(158.512540212339,0.,-11.4431607817407));
#3172=CARTESIAN_POINT('',(158.512540212339,0.,-11.4431607817407));
#3173=CARTESIAN_POINT('',(158.512540212339,0.,-11.4431607817407));
#3174=CARTESIAN_POINT('',(158.512540212339,13.,-11.4431607817407));
#3175=CARTESIAN_POINT('',(158.512540212339,0.,-11.4431607817407));
#3176=CARTESIAN_POINT('',(158.512540212339,13.,-11.4431607817407));
#3177=CARTESIAN_POINT('Origin',(167.007175317714,0.,-11.4431607817407));
#3178=CARTESIAN_POINT('',(167.007175317714,0.,-11.4431607817407));
#3179=CARTESIAN_POINT('',(167.007175317714,0.,-11.4431607817407));
#3180=CARTESIAN_POINT('',(167.007175317714,13.,-11.4431607817407));
#3181=CARTESIAN_POINT('',(167.007175317714,0.,-11.4431607817407));
#3182=CARTESIAN_POINT('',(167.007175317714,13.,-11.4431607817407));
#3183=CARTESIAN_POINT('Origin',(167.007175317714,0.,-2.77748894115152));
#3184=CARTESIAN_POINT('',(167.007175317714,0.,-2.77748894115152));
#3185=CARTESIAN_POINT('',(167.007175317714,0.,-2.77748894115152));
#3186=CARTESIAN_POINT('',(167.007175317714,13.,-2.77748894115152));
#3187=CARTESIAN_POINT('',(167.007175317714,0.,-2.77748894115152));
#3188=CARTESIAN_POINT('',(167.007175317714,13.,-2.77748894115152));
#3189=CARTESIAN_POINT('Origin',(186.72528798088,0.,-2.77748894115152));
#3190=CARTESIAN_POINT('',(186.72528798088,0.,-2.77748894115152));
#3191=CARTESIAN_POINT('',(186.72528798088,0.,-2.77748894115152));
#3192=CARTESIAN_POINT('',(186.72528798088,13.,-2.77748894115152));
#3193=CARTESIAN_POINT('',(186.72528798088,0.,-2.77748894115152));
#3194=CARTESIAN_POINT('',(186.72528798088,13.,-2.77748894115152));
#3195=CARTESIAN_POINT('Origin',(186.72528798088,0.,5.71714616422286));
#3196=CARTESIAN_POINT('',(186.72528798088,0.,5.71714616422286));
#3197=CARTESIAN_POINT('',(186.72528798088,0.,5.71714616422286));
#3198=CARTESIAN_POINT('',(186.72528798088,13.,5.71714616422286));
#3199=CARTESIAN_POINT('',(186.72528798088,0.,5.71714616422286));
#3200=CARTESIAN_POINT('',(186.72528798088,13.,5.71714616422286));
#3201=CARTESIAN_POINT('Origin',(213.956512612121,0.,5.71714616422283));
#3202=CARTESIAN_POINT('',(213.956512612121,0.,5.71714616422283));
#3203=CARTESIAN_POINT('',(213.956512612121,0.,5.71714616422283));
#3204=CARTESIAN_POINT('',(213.956512612121,13.,5.71714616422283));
#3205=CARTESIAN_POINT('',(213.956512612121,0.,5.71714616422283));
#3206=CARTESIAN_POINT('',(213.956512612121,13.,5.71714616422283));
#3207=CARTESIAN_POINT('Origin',(213.956512612121,0.,-10.9747460876548));
#3208=CARTESIAN_POINT('',(213.956512612121,0.,-10.9747460876548));
#3209=CARTESIAN_POINT('',(213.956512612121,0.,-10.9747460876548));
#3210=CARTESIAN_POINT('',(213.956512612121,13.,-10.9747460876548));
#3211=CARTESIAN_POINT('',(213.956512612121,0.,-10.9747460876548));
#3212=CARTESIAN_POINT('',(213.956512612121,13.,-10.9747460876548));
#3213=CARTESIAN_POINT('Origin',(233.845662010502,0.,-10.9747460876548));
#3214=CARTESIAN_POINT('',(233.845662010502,0.,-10.9747460876548));
#3215=CARTESIAN_POINT('',(233.845662010502,0.,-10.9747460876548));
#3216=CARTESIAN_POINT('',(233.845662010502,13.,-10.9747460876548));
#3217=CARTESIAN_POINT('',(233.845662010502,0.,-10.9747460876548));
#3218=CARTESIAN_POINT('',(233.845662010502,13.,-10.9747460876548));
#3219=CARTESIAN_POINT('Origin',(233.845662010502,0.,-23.6666383395324));
#3220=CARTESIAN_POINT('',(233.845662010502,0.,-23.6666383395324));
#3221=CARTESIAN_POINT('',(233.845662010502,0.,-23.6666383395324));
#3222=CARTESIAN_POINT('',(233.845662010502,13.,-23.6666383395324));
#3223=CARTESIAN_POINT('',(233.845662010502,0.,-23.6666383395324));
#3224=CARTESIAN_POINT('',(233.845662010502,13.,-23.6666383395324));
#3225=CARTESIAN_POINT('Origin',(244.879627732809,0.,-23.6666383395324));
#3226=CARTESIAN_POINT('',(244.879627732809,0.,-23.6666383395324));
#3227=CARTESIAN_POINT('',(244.879627732809,0.,-23.6666383395324));
#3228=CARTESIAN_POINT('',(244.879627732809,13.,-23.6666383395324));
#3229=CARTESIAN_POINT('',(244.879627732809,0.,-23.6666383395324));
#3230=CARTESIAN_POINT('',(244.879627732809,13.,-23.6666383395324));
#3231=CARTESIAN_POINT('Origin',(244.879627732809,0.,-10.9747460876548));
#3232=CARTESIAN_POINT('',(244.879627732809,0.,-10.9747460876548));
#3233=CARTESIAN_POINT('',(244.879627732809,0.,-10.9747460876548));
#3234=CARTESIAN_POINT('',(244.879627732809,13.,-10.9747460876548));
#3235=CARTESIAN_POINT('',(244.879627732809,0.,-10.9747460876548));
#3236=CARTESIAN_POINT('',(244.879627732809,13.,-10.9747460876548));
#3237=CARTESIAN_POINT('Origin',(263.597740395975,0.,-10.9747460876548));
#3238=CARTESIAN_POINT('',(263.597740395975,0.,-10.9747460876548));
#3239=CARTESIAN_POINT('',(263.597740395975,0.,-10.9747460876548));
#3240=CARTESIAN_POINT('',(263.597740395975,13.,-10.9747460876548));
#3241=CARTESIAN_POINT('',(263.597740395975,0.,-10.9747460876548));
#3242=CARTESIAN_POINT('',(263.597740395975,13.,-10.9747460876548));
#3243=CARTESIAN_POINT('Origin',(263.597740395975,0.,5.71714616422286));
#3244=CARTESIAN_POINT('',(263.597740395975,0.,5.71714616422286));
#3245=CARTESIAN_POINT('',(263.597740395975,0.,5.71714616422286));
#3246=CARTESIAN_POINT('',(263.597740395975,13.,5.71714616422286));
#3247=CARTESIAN_POINT('',(263.597740395975,0.,5.71714616422286));
#3248=CARTESIAN_POINT('',(263.597740395975,13.,5.71714616422286));
#3249=CARTESIAN_POINT('Origin',(299.,0.,5.71714616422284));
#3250=CARTESIAN_POINT('',(299.,0.,5.71714616422284));
#3251=CARTESIAN_POINT('',(299.,13.,5.71714616422284));
#3252=CARTESIAN_POINT('Origin',(228.75627010617,13.,-55.0188375373736));
#3253=CARTESIAN_POINT('Origin',(226.599999247491,3.,-54.));
#3254=CARTESIAN_POINT('Origin',(226.599999247491,0.,-54.));
#3255=UNCERTAINTY_MEASURE_WITH_UNIT(LENGTH_MEASURE(0.01),#3259,
'DISTANCE_ACCURACY_VALUE',
'Maximum model space distance between geometric entities at asserted c
onnectivities');
#3256=UNCERTAINTY_MEASURE_WITH_UNIT(LENGTH_MEASURE(0.01),#3259,
'DISTANCE_ACCURACY_VALUE',
'Maximum model space distance between geometric entities at asserted c
onnectivities');
#3257=(
GEOMETRIC_REPRESENTATION_CONTEXT(3)
GLOBAL_UNCERTAINTY_ASSIGNED_CONTEXT((#3255))
GLOBAL_UNIT_ASSIGNED_CONTEXT((#3259,#3261,#3262))
REPRESENTATION_CONTEXT('','3D')
);
#3258=(
GEOMETRIC_REPRESENTATION_CONTEXT(3)
GLOBAL_UNCERTAINTY_ASSIGNED_CONTEXT((#3256))
GLOBAL_UNIT_ASSIGNED_CONTEXT((#3259,#3261,#3262))
REPRESENTATION_CONTEXT('','3D')
);
#3259=(
LENGTH_UNIT()
NAMED_UNIT(*)
SI_UNIT(.MILLI.,.METRE.)
);
#3260=(
LENGTH_UNIT()
NAMED_UNIT(*)
SI_UNIT($,.METRE.)
);
#3261=(
NAMED_UNIT(*)
PLANE_ANGLE_UNIT()
SI_UNIT($,.RADIAN.)
);
#3262=(
NAMED_UNIT(*)
SI_UNIT($,.STERADIAN.)
SOLID_ANGLE_UNIT()
);
#3263=SHAPE_DEFINITION_REPRESENTATION(#3264,#3265);
#3264=PRODUCT_DEFINITION_SHAPE('',$,#3267);
#3265=SHAPE_REPRESENTATION('',(#2075),#3257);
#3266=PRODUCT_DEFINITION_CONTEXT('part definition',#3271,'design');
#3267=PRODUCT_DEFINITION('2026-06-02-19-41-16-337','Full',#3268,#3266);
#3268=PRODUCT_DEFINITION_FORMATION('',$,#3273);
#3269=PRODUCT_RELATED_PRODUCT_CATEGORY('Full','Full',(#3273));
#3270=APPLICATION_PROTOCOL_DEFINITION('international standard',
'automotive_design',2009,#3271);
#3271=APPLICATION_CONTEXT(
'Core Data for Automotive Mechanical Design Process');
#3272=PRODUCT_CONTEXT('part definition',#3271,'mechanical');
#3273=PRODUCT('2026-06-02-19-41-16-337','Full',$,(#3272));
#3274=PRESENTATION_STYLE_ASSIGNMENT((#3275));
#3275=SURFACE_STYLE_USAGE(.BOTH.,#3276);
#3276=SURFACE_SIDE_STYLE('',(#3277));
#3277=SURFACE_STYLE_FILL_AREA(#3278);
#3278=FILL_AREA_STYLE('Steel - Satin',(#3279));
#3279=FILL_AREA_STYLE_COLOUR('Steel - Satin',#3280);
#3280=COLOUR_RGB('Steel - Satin',0.627450980392157,0.627450980392157,0.627450980392157);
ENDSEC;
END-ISO-10303-21;
